245,154,290,158,307,250,260,237,,,283,320,135.17063903808594,224.93167114257812,159.87985229492188,179.994873046875
251,163,295,163,316,256,267,249,,,292,327,158.76878356933594,214.16407775878906,143.98690795898438,179.06187438964844
253,166,298,165,319,258,269,261,,,291,332,195.8486785888672,190.55874633789062,122.67164611816406,176.4529266357422
252,166,297,165,318,257,266,258,,,287,333,213.8426971435547,163.28076171875,129.5848846435547,172.1487274169922
252.0,159.0,297.0,157.0,320.0,247.0,265.0,253.0,308.0,302.0,280.0,328.0,222.6136016845703,142.12664794921875,163.46849060058594,166.31190490722656
252.0,158.0,296.0,155.0,323.0,241.0,262.0,255.0,320.0,309.0,275.0,325.0,224.68565368652344,135.61878967285156,179.9301300048828,158.2576446533203
249.0,164.0,294.0,162.0,320.0,244.0,257.0,262.0,332.0,318.0,264.0,324.0,212.15512084960938,157.4635467529297,177.1455841064453,138.85023498535156
247.0,173.0,292.0,173.0,314.0,257.0,251.0,269.0,323.0,330.0,257.0,328.0,187.45130920410156,189.00839233398438,171.6558380126953,121.14690399169922
245.0,170.0,290.0,171.0,314.0,256.0,247.0,261.0,320.0,328.0,258.0,327.0,159.95025634765625,208.36647033691406,165.5445098876953,133.46546936035156
245.0,163.0,290.0,166.0,313.0,256.0,247.0,249.0,308.0,322.0,265.0,327.0,139.84109497070312,221.77259826660156,161.0758056640625,168.42626953125
245.0,163.0,289.0,167.0,310.0,258.0,257.0,243.0,305.0,320.0,272.0,327.0,138.01377868652344,223.75717163085938,157.89785766601562,179.90347290039062
244.0,164.0,289.0,167.0,311.0,258.0,261.0,249.0,306.0,320.0,273.0,329.0,170.1752166748047,208.1073760986328,136.77096557617188,178.46527099609375
243.0,164.0,288.0,166.0,313.0,251.0,250.0,247.0,319.0,324.0,274.0,330.0,203.6453094482422,182.08154296875,120.1118392944336,175.3037109375
244.0,167.0,289.0,168.0,313.0,254.0,247.0,248.0,317.0,325.0,272.0,332.0,217.81544494628906,154.40345764160156,141.17568969726562,170.1909637451172
244,165,289,169,307,261,252,252,,,272,331,224.33023071289062,137.12249755859375,174.70767211914062,163.49244689941406
245,167,290,171,306,265,254,256,,,281,331,221.62957763671875,141.36300659179688,179.25100708007812,151.77206420898438
246,170,291,173,309,266,255,261,,,280,337,203.01377868652344,170.9590606689453,175.11416625976562,129.9656219482422
246,166,291,167,311,260,256,257,,,274,335,175.6485137939453,197.90097045898438,169.03298950195312,120.7178726196289
246.0,162.0,290.0,160.0,314.0,248.0,256.0,257.0,308.0,312.0,266.0,327.0,150.22760009765625,214.84825134277344,163.3839111328125,147.96051025390625
246.0,169.0,289.0,166.0,314.0,244.0,253.0,269.0,331.0,315.0,254.0,315.0,135.80496215820312,224.4633331298828,160.1788787841797,177.93609619140625
246.0,173.0,289.0,171.0,313.0,250.0,251.0,274.0,328.0,320.0,251.0,316.0,147.76670837402344,219.45591735839844,151.24798583984375,179.54331970214844
245.0,177.0,289.0,176.0,310.0,258.0,246.0,274.0,321.0,328.0,249.0,319.0,185.71795654296875,198.46542358398438,127.69806671142578,177.41485595703125
244.0,166.0,289.0,168.0,310.0,253.0,243.0,258.0,314.0,324.0,253.0,318.0,210.01600646972656,170.98011779785156,122.96165466308594,173.5652618408203
247.0,158.0,291.0,164.0,308.0,255.0,250.0,241.0,299.0,314.0,265.0,321.0,221.091064453125,146.2484893798828,155.18832397460938,167.8646240234375
248,161,292,166,308,259,259,246,,,281,325,224.97991943359375,135.06698608398438,179.82327270507812,160.6283721923828
248,166,293,168,310,261,259,257,,,282,329,216.5565643310547,150.26219177246094,178.12367248535156,144.23138427734375
249.0,164.0,293.0,163.0,314.0,253.0,260.0,256.0,305.0,310.0,279.0,331.0,194.08206176757812,182.1449737548828,173.1293487548828,123.9155044555664
248.0,157.0,292.0,156.0,316.0,243.0,260.0,252.0,315.0,311.0,271.0,326.0,166.54196166992188,203.97201538085938,167.0093231201172,126.36324310302734
248.0,162.0,292.0,160.0,317.0,243.0,258.0,261.0,329.0,316.0,264.0,322.0,143.76422119140625,219.15716552734375,161.9475860595703,160.0801239013672
254.0,178.0,297.0,175.0,326.0,254.0,265.0,276.0,343.0,325.0,265.0,330.0,135.0355224609375,224.98583984375,159.97496032714844,179.99893188476562
256.0,180.0,298.0,179.0,325.0,262.0,266.0,282.0,337.0,333.0,262.0,332.0,158.5110626220703,214.29371643066406,144.15391540527344,179.07412719726562
260.0,171.0,301.0,171.0,325.0,258.0,272.0,272.0,325.0,329.0,266.0,325.0,195.51878356933594,190.85227966308594,122.81558990478516,176.49041748046875
257.0,160.0,297.0,163.0,315.0,253.0,277.0,252.0,304.0,318.0,282.0,326.0,213.90171813964844,163.15582275390625,129.7198944091797,172.12393188476562
247,162,286,163,310,252,274,251,,,305,324,222.77963256835938,141.6614532470703,164.4555206298828,166.10879516601562
237,169,275,164,311,247,269,254,,,310,322,224.5670623779297,135.84979248046875,179.90377807617188,157.8809051513672
231.0,178.0,266.0,170.0,308.0,248.0,269.0,264.0,313.0,313.0,303.0,327.0,210.89158630371094,159.4463653564453,176.86480712890625,137.45018005371094
231.0,162.0,265.0,155.0,311.0,224.0,262.0,252.0,334.0,293.0,285.0,323.0,185.77906799316406,190.52224731445312,171.2842254638672,120.69869232177734
237.0,159.0,271.0,152.0,315.0,220.0,271.0,254.0,343.0,287.0,267.0,315.0,158.76589965820312,209.15606689453125,165.28131103515625,134.9834747314453
239.0,166.0,272.0,158.0,316.0,227.0,271.0,261.0,346.0,291.0,262.0,319.0,139.06080627441406,222.2927703857422,160.9023895263672,170.18350219726562
236.0,176.0,269.0,169.0,310.0,241.0,269.0,273.0,338.0,305.0,253.0,326.0,138.67086791992188,223.4794921875,157.4432373046875,179.8812713623047
229.0,184.0,261.0,179.0,299.0,251.0,258.0,279.0,324.0,314.0,245.0,330.0,170.39727783203125,207.98251342773438,136.63429260253906,178.45245361328125
224.0,166.0,257.0,164.0,294.0,243.0,260.0,251.0,297.0,311.0,259.0,317.0,204.0631866455078,181.4772491455078,120.05665588378906,175.2164764404297
227,159,260,161,291,245,265,232,,,293,310,217.34744262695312,155.50198364257812,139.5288543701172,170.45823669433594
230,165,264,162,302,244,266,244,,,308,310,224.06813049316406,137.91868591308594,172.82020568847656,164.08407592773438
233,171,267,166,307,247,265,250,,,309,316,222.6785430908203,139.43167114257812,179.48411560058594,153.64987182617188
237,174,270,168,312,246,275,259,,,307,322,205.8293914794922,167.01426696777344,175.73985290527344,132.40443420410156
239.0,167.0,271.0,161.0,317.0,231.0,271.0,251.0,327.0,300.0,300.0,322.0,179.74879455566406,195.1674346923828,169.94418334960938,120.00248718261719
239.0,160.0,272.0,154.0,316.0,221.0,271.0,251.0,341.0,289.0,272.0,319.0,152.71481323242188,213.19009399414062,163.9365997314453,143.81997680664062
239.0,165.0,272.0,159.0,313.0,230.0,268.0,258.0,339.0,295.0,257.0,317.0,136.40029907226562,224.06643676757812,160.31118774414062,176.459228515625
239.0,169.0,273.0,164.0,312.0,235.0,267.0,265.0,338.0,300.0,251.0,318.0,145.6820068359375,220.4059600830078,152.65264892578125,179.62554931640625
241.0,175.0,274.0,171.0,307.0,246.0,268.0,270.0,327.0,310.0,245.0,317.0,182.1556396484375,200.8686981201172,129.6717071533203,177.6886749267578
241.0,166.0,275.0,163.0,309.0,241.0,270.0,257.0,316.0,309.0,256.0,312.0,208.13839721679688,174.4904022216797,121.13890838623047,174.1484832763672
243,157,275,160,303,243,279,232,,,282,307,219.76058959960938,149.66604614257812,148.935546875,168.92674255371094
243,157,275,160,307,243,285,228,,,314,306,224.81163024902344,135.61508178710938,178.41458129882812,161.89373779296875
243,162,276,161,313,244,276,245,,,312,313,218.88453674316406,146.26284790039062,178.64100646972656,147.4603729248047
245,168,278,165,315,247,271,256,,,302,322,197.52426147460938,178.08242797851562,173.89427185058594,125.94165802001953
247.0,158.0,280.0,153.0,322.0,228.0,276.0,248.0,315.0,297.0,282.0,320.0,170.57162475585938,201.28555297851562,167.90481567382812,123.22502899169922
247.0,166.0,279.0,160.0,321.0,229.0,276.0,261.0,342.0,297.0,264.0,321.0,146.08262634277344,217.61158752441406,162.46279907226562,155.50576782226562
246.0,170.0,278.0,163.0,320.0,230.0,276.0,266.0,351.0,292.0,254.0,317.0,135.0895233154297,224.94032287597656,160.0198974609375,179.7642364501953
247,173,279,167,316,238,272,269,340,302,,,152.9499053955078,217.02264404296875,147.79452514648438,179.3267364501953
245.0,173.0,278.0,169.0,311.0,244.0,272.0,270.0,327.0,310.0,249.0,315.0,190.24240112304688,195.17291259765625,125.32266235351562,177.02606201171875
247,157,278,160,307,244,283,234,,,291,309,211.67184448242188,167.7421875,125.32830047607422,172.99472045898438
245,158,277,162,306,246,276,231,,,313,308,221.8547821044922,144.21189880371094,159.17672729492188,167.14491271972656
246,162,279,162,313,245,278,244,,,316,312,224.99034118652344,135.01922607421875,179.99786376953125,159.7490692138672
249,165,282,162,319,244,284,252,,,312,318,214.30117797851562,154.00985717773438,177.6224822998047,141.36993408203125
250,165,283,161,322,241,284,255,,,307,319,190.5996551513672,185.91493225097656,172.35546875,122.2693862915039
252.0,155.0,284.0,151.0,326.0,225.0,282.0,248.0,329.0,294.0,280.0,315.0,163.8399200439453,205.77337646484375,166.4088592529297,128.990966796875
252.0,160.0,284.0,155.0,325.0,225.0,282.0,255.0,348.0,290.0,263.0,310.0,142.0718231201172,220.28543090820312,161.57151794433594,163.58428955078125
251.0,167.0,284.0,162.0,320.0,233.0,278.0,265.0,346.0,297.0,258.0,313.0,135.85736083984375,224.65298461914062,159.39840698242188,179.97366333007812
249,172,282,169,312,245,275,265,329,310,,,162.71408081054688,212.14256286621094,141.45089721679688,178.86805725097656
249.0,160.0,282.0,161.0,310.0,241.0,280.0,248.0,311.0,309.0,273.0,312.0,198.7141876220703,187.8477783203125,121.50946044921875,176.09974670410156
250,153,282,158,304,244,283,235,,,288,310,215.4592742919922,159.78663635253906,133.67092895507812,171.42835998535156
248,155,280,159,304,245,280,232,,,308,309,223.3192596435547,140.12432861328125,167.7967987060547,165.3776092529297
248,157,281,158,309,244,274,239,,,313,309,224.0321807861328,136.88076782226562,179.78492736816406,156.46875
248,161,281,159,312,245,276,248,,,304,316,209.263671875,161.9458770751953,176.50302124023438,135.73165893554688
248,161,281,157,315,238,272,249,,,297,318,183.64254760742188,192.3184814453125,170.8094482421875,120.2823257446289
247.0,153.0,280.0,148.0,319.0,223.0,272.0,245.0,324.0,294.0,274.0,314.0,156.02777099609375,210.98146057128906,164.67282104492188,138.76132202148438
246.0,161.0,279.0,156.0,316.0,228.0,272.0,259.0,340.0,294.0,255.0,312.0,137.88226318359375,223.0784912109375,160.6405029296875,172.90565490722656
246,168,279,164,313,237,269,263,337,301,,,141.37196350097656,222.31829833984375,155.58506774902344,179.7866668701172
245,171,278,168,308,244,270,268,325,308,,,176.9667205810547,204.14144897460938,132.67124938964844,178.0485382080078
245.0,160.0,278.0,159.0,306.0,240.0,273.0,250.0,305.0,307.0,260.0,309.0,206.93922424316406,176.6468505859375,120.43016815185547,174.49046325683594
244,152,276,157,300,242,279,226,,,298,305,219.58973693847656,150.0938720703125,148.19131469726562,169.04959106445312
242,153,275,157,301,242,277,229,,,313,300,224.83592224121094,135.53700256347656,178.61253356933594,161.7704315185547
241,157,275,158,305,243,270,239,,,308,306,218.7421112060547,146.511474609375,178.60935974121094,147.25338745117188
242,161,276,158,308,242,266,248,,,292,317,196.4372100830078,179.4002227783203,173.65269470214844,125.25981140136719
242.0,153.0,276.0,149.0,315.0,225.0,265.0,243.0,309.0,293.0,272.0,315.0,168.45945739746094,202.6936798095703,167.43544006347656,124.74981689453125
242.0,156.0,275.0,152.0,312.0,225.0,266.0,253.0,331.0,293.0,248.0,307.0,144.0057373046875,218.9961700439453,162.0012664794922,159.591552734375
241,164,274,160,307,235,263,262,325,301,,,135.13265991210938,224.94691467285156,159.90655517578125,179.9960174560547
239,168,273,165,301,243,259,263,313,308,,,160.37100219726562,213.3516845703125,142.95233154296875,178.98463439941406
239.0,157.0,273.0,157.0,296.0,241.0,266.0,247.0,291.0,307.0,253.0,308.0,196.64767456054688,189.8333282470703,122.33090209960938,176.35964965820312
240,153,272,159,294,245,274,223,,,295,306,214.50753784179688,161.8622589111328,131.1665802001953,171.86305236816406
239,155,272,160,295,247,270,232,,,304,304,223.0806884765625,140.80868530273438,166.29385375976562,165.7157745361328
240,161,275,162,299,250,267,244,,,298,313,224.06716918945312,136.81381225585938,179.79269409179688,156.55239868164062
241,164,275,163,301,250,262,251,,,287,320,209.0140838623047,162.32359313964844,176.44757080078125,135.47642517089844
240.0,157.0,275.0,155.0,307.0,236.0,262.0,247.0,291.0,298.0,273.0,319.0,182.3651123046875,193.3152313232422,170.52557373046875,120.12028503417969
240.0,157.0,273.0,154.0,307.0,230.0,263.0,252.0,317.0,299.0,253.0,313.0,156.12875366210938,210.91412353515625,164.69528198242188,138.6154327392578
239.0,163.0,273.0,160.0,305.0,234.0,260.0,257.0,324.0,300.0,244.0,312.0,137.83522033691406,223.10984802246094,160.63003540039062,173.01612854003906
239.0,167.0,273.0,165.0,298.0,243.0,260.0,262.0,312.0,309.0,237.0,310.0,142.00669860839844,222.0411376953125,155.15077209472656,179.76370239257812
238.0,164.0,272.0,163.0,296.0,242.0,259.0,259.0,303.0,310.0,236.0,306.0,176.6225128173828,204.3504180908203,132.8747100830078,178.07102966308594
238.0,157.0,272.0,158.0,294.0,242.0,262.0,249.0,284.0,307.0,243.0,303.0,206.548095703125,177.33631896972656,120.27320098876953,174.59738159179688
237,153,269,159,288,246,264,232,,,271,308,218.8089599609375,152.01963806152344,144.9478759765625,169.57969665527344
235,154,268,160,286,248,262,233,,,290,309,224.622314453125,136.2162322998047,176.91236877441406,162.65391540527344
235,158,269,160,288,250,265,246,,,288,313,220.47592163085938,143.44798278808594,178.99462890625,149.87571716308594
236,162,270,161,291,249,253,249,,,276,320,200.79864501953125,173.92567443847656,174.6219024658203,128.22579956054688
233.0,152.0,269.0,150.0,295.0,235.0,252.0,245.0,278.0,297.0,251.0,315.0,173.458740234375,199.36082458496094,168.54637145996094,121.59083557128906
233.0,158.0,268.0,155.0,295.0,234.0,251.0,254.0,304.0,302.0,234.0,308.0,148.01051330566406,216.32627868652344,162.89122009277344,151.89605712890625
235,164,269,160,296,236,251,262,315,301,,,135.25009155273438,224.833251953125,160.05555725097656,179.3470001220703
236,167,270,163,294,241,250,266,308,307,,,152.46401977539062,217.25515747070312,148.11585998535156,179.3477783203125
235.0,160.0,270.0,157.0,290.0,242.0,253.0,256.0,280.0,305.0,229.0,297.0,189.8357391357422,195.48194885253906,125.52899169921875,177.06324768066406
234,158,269,160,279,248,253,254,,,228,301,211.48724365234375,168.11004638671875,125.02783203125,173.0612335205078
235,156,268,160,283,248,257,245,,,240,303,221.4519805908203,145.29330444335938,157.0343017578125,167.53677368164062
237,152,270,157,289,246,263,231,,,280,310,224.99903869628906,135.0031280517578,179.99160766601562,160.13648986816406
236,158,270,161,287,250,257,243,,,287,312,215.67251586914062,151.74575805664062,177.92723083496094,143.08160400390625
234,160,269,159,290,248,253,250,,,274,319,192.76039123535156,183.6172637939453,172.8356475830078,123.24205017089844
231.0,153.0,266.0,150.0,297.0,233.0,251.0,245.0,279.0,293.0,252.0,314.0,165.97854614257812,204.3476104736328,166.88412475585938,126.87750244140625
229.0,156.0,264.0,153.0,296.0,230.0,249.0,253.0,303.0,299.0,236.0,308.0,143.8535919189453,219.09756469726562,161.9674530029297,159.8989715576172
231.0,161.0,266.0,156.0,298.0,230.0,252.0,257.0,319.0,294.0,233.0,304.0,135.0979766845703,224.96083068847656,159.93096923828125,179.99705505371094
233,165,267,161,293,238,250,264,308,303,,,159.354736328125,213.86831665039062,143.6078338623047,179.03387451171875
233,165,268,162,291,242,250,262,295,308,,,198.32493591308594,188.23533630371094,121.65677642822266,176.15101623535156
234,158,269,159,282,246,255,250,,,237,301,215.0030975341797,160.78826904296875,132.43460083007812,171.6407012939453
235,154,268,157,285,243,260,237,,,258,305,223.26580810546875,140.27838134765625,167.45628356933594,165.45571899414062
234,153,268,157,284,245,260,235,,,280,312,224.24205017089844,136.47816467285156,179.83157348632812,156.98509216308594
233,159,268,161,285,249,255,246,,,283,316,209.8594970703125,161.03826904296875,176.6354522705078,136.34976196289062
234,159,269,158,290,246,254,249,,,275,317,184.32249450683594,191.76406860351562,170.96055603027344,120.39537811279297
236.0,151.0,272.0,149.0,293.0,236.0,251.0,245.0,272.0,293.0,251.0,311.0,157.62274169921875,209.91815185546875,165.02728271484375,136.51559448242188
233,160,269,156,294,236,248,257,301,303,,,138.55982971191406,222.6267547607422,160.79107666015625,171.33030700683594
233,163,268,158,295,235,246,261,311,302,,,139.90245056152344,222.95379638671875,156.59393310546875,179.83877563476562
233,169,268,165,291,244,243,266,303,309,,,174.46286010742188,205.64093017578125,134.16232299804688,178.20855712890625
234,163,270,159,291,241,246,259,288,307,,,205.64561462402344,178.90162658691406,120.04714965820312,174.83592224121094
238,160,272,161,282,248,253,254,,,233,303,218.68626403808594,152.31793212890625,144.46107482910156,169.65875244140625
241,157,275,159,290,245,262,243,,,262,313,224.51815795898438,136.54200744628906,176.11231994628906,162.98379516601562
242,157,276,159,299,245,269,243,,,296,311,220.94422912597656,142.6063232421875,179.0987091064453,150.62814331054688
241,163,275,162,299,248,260,251,,,285,317,200.7123260498047,174.0387725830078,174.6027374267578,128.1611785888672
240.0,153.0,275.0,151.0,305.0,234.0,259.0,243.0,288.0,291.0,271.0,315.0,174.3070526123047,198.7952880859375,168.73487854003906,121.21400451660156
238.0,152.0,273.0,147.0,309.0,218.0,256.0,251.0,331.0,285.0,241.0,302.0,148.59002685546875,215.93997192382812,163.01998901367188,150.84515380859375
237.0,158.0,272.0,153.0,305.0,225.0,252.0,258.0,329.0,290.0,232.0,301.0,135.43115234375,224.71255493164062,160.09579467773438,178.88214111328125
238,165,272,161,302,235,253,263,321,300,,,151.22393798828125,217.84434509277344,148.93824768066406,179.40081787109375
237,166,272,163,295,242,251,264,304,307,,,190.23342895507812,195.17970275878906,125.32718658447266,177.02687072753906
237.0,153.0,272.0,156.0,284.0,242.0,253.0,246.0,267.0,302.0,237.0,301.0,211.57151794433594,167.94232177734375,125.16383361816406,173.03097534179688
239,150,272,154,286,241,261,236,,,272,310,221.94383239746094,143.97055053710938,159.66253662109375,167.05410766601562
238,154,273,156,292,243,261,239,,,290,307,224.9855194091797,135.0288543701172,179.99676513671875,159.6893768310547
238,160,272,157,301,241,256,245,,,287,311,213.9881591796875,154.52040100097656,177.5529022216797,140.99072265625
238.0,156.0,273.0,151.0,308.0,228.0,258.0,244.0,308.0,295.0,277.0,314.0,189.4528350830078,187.07752990722656,172.1006317138672,121.81930541992188
240.0,150.0,275.0,146.0,311.0,217.0,260.0,242.0,333.0,282.0,256.0,308.0,162.6040496826172,206.59727478027344,166.1342315673828,130.32608032226562
242.0,153.0,276.0,149.0,310.0,220.0,260.0,250.0,335.0,282.0,243.0,301.0,141.03529357910156,220.9764404296875,161.3411865234375,165.8016357421875
244.0,157.0,278.0,155.0,307.0,228.0,263.0,253.0,328.0,292.0,240.0,299.0,136.5151824951172,224.38255310058594,158.93911743164062,179.9527130126953
243.0,161.0,277.0,161.0,297.0,240.0,258.0,256.0,307.0,304.0,238.0,304.0,166.59458923339844,210.0811309814453,138.99649047851562,178.66494750976562
243.0,153.0,277.0,154.0,296.0,238.0,263.0,242.0,288.0,302.0,252.0,303.0,201.15509033203125,185.23301696777344,120.6866455078125,175.7466583251953
242,150,276,154,291,240,264,231,,,274,309,216.38772583007812,157.70852661132812,136.3983612060547,170.97116088867188
242,150,276,153,295,240,264,234,,,288,308,223.94442749023438,138.28973388671875,171.95484924316406,164.33082580566406
245,154,280,153,304,238,264,240,,,288,310,223.10513305664062,138.635498046875,179.57891845703125,154.47390747070312
247,156,281,153,307,237,264,243,,,284,311,206.64601135253906,165.83445739746094,175.92132568359375,133.1599578857422
249.0,147.0,283.0,143.0,313.0,222.0,270.0,235.0,312.0,289.0,264.0,304.0,180.27085876464844,194.81796264648438,170.0601806640625,120.00161743164062
249.0,150.0,282.0,146.0,313.0,221.0,266.0,245.0,325.0,289.0,252.0,298.0,154.58804321289062,211.9412841796875,164.35289001464844,140.8949432373047
248,158,282,154,311,226,264,254,333,290,,,137.54388427734375,223.3040771484375,160.56529235839844,173.70338439941406
247,164,280,161,301,239,260,260,313,303,,,142.16143798828125,221.9733428955078,155.0450439453125,179.758056640625
247.0,155.0,281.0,154.0,300.0,237.0,265.0,249.0,290.0,301.0,244.0,296.0,176.66111755371094,204.32704162597656,132.85186767578125,178.06849670410156
249,150,282,153,295,239,270,240,,,261,302,206.5134735107422,177.39700317382812,120.26103973388672,174.6067352294922
248,152,281,154,299,240,274,237,,,293,309,218.92352294921875,151.73997497558594,145.4080352783203,169.50489807128906
248,156,282,156,303,242,267,240,,,293,311,224.7611541748047,135.77667236328125,178.00717163085938,162.1258087158203
248,158,281,156,308,239,265,246,,,286,314,219.786865234375,144.67523193359375,178.8415069580078,148.80526733398438
250.0,147.0,284.0,144.0,314.0,222.0,268.0,238.0,314.0,290.0,269.0,306.0,199.0965576171875,176.12107849121094,174.24368286132812,126.99546813964844
250.0,150.0,284.0,146.0,314.0,222.0,267.0,244.0,327.0,290.0,254.0,299.0,170.723388671875,201.18438720703125,167.93853759765625,123.12599182128906
250,156,283,152,310,228,266,253,325,294,,,146.8765869140625,217.08226013183594,162.6392364501953,153.99803161621094
248,160,282,156,306,234,263,259,318,300,,,135.11175537109375,224.9254913330078,160.02484130859375,179.7061004638672
246,161,280,158,301,238,260,259,306,304,,,154.65550231933594,216.1991424560547,146.67059326171875,179.25155639648438
247.0,153.0,280.0,154.0,293.0,240.0,265.0,246.0,276.0,298.0,247.0,299.0,192.14328002929688,193.68768310546875,124.38044738769531,176.84527587890625
247,150,279,153,296,239,269,232,,,269,304,212.0198211669922,167.04397583007812,125.92024993896484,172.86715698242188
247,147,279,151,299,236,273,223,,,287,302,221.8848419189453,144.13052368164062,159.34024047851562,167.11441040039062
246,149,280,152,298,238,270,232,,,299,302,224.9660186767578,135.067626953125,179.99244689941406,159.50967407226562
246,154,280,155,301,241,263,241,,,286,311,214.2681121826172,154.0638885498047,177.61514282226562,141.32968139648438
247,153,280,151,306,235,264,240,,,280,312,190.93075561523438,185.57183837890625,172.42904663085938,122.4079360961914
248.0,148.0,281.0,144.0,313.0,222.0,266.0,241.0,311.0,289.0,259.0,302.0,163.9952392578125,205.66983032226562,166.44338989257812,128.8290252685547
248,154,281,149,312,222,265,249,330,289,,,141.482177734375,220.67852783203125,161.44049072265625,164.8388671875
248,158,281,153,311,225,265,256,332,290,,,135.95455932617188,224.6132049560547,159.33042907714844,179.97059631347656
248,162,281,158,306,234,261,260,322,299,,,165.11669921875,210.875244140625,139.92630004882812,178.7438507080078
247,163,281,160,302,238,261,258,312,303,,,200.9686737060547,185.44589233398438,120.74222564697266,175.77586364746094
247.0,153.0,281.0,153.0,299.0,236.0,265.0,246.0,289.0,299.0,244.0,289.0,216.46682739257812,157.52890014648438,136.64422607421875,170.93052673339844
247,148,280,152,297,237,269,235,,,268,300,223.76451110839844,138.8242645263672,170.72315979003906,164.66197204589844
247,150,280,152,300,238,270,230,,,298,303,223.49607849121094,137.89984130859375,179.66578674316406,155.27296447753906
247,153,281,154,304,238,271,235,,,301,303,206.98867797851562,165.33457946777344,175.9974822998047,133.48355102539062
247,159,281,157,308,240,268,249,,,291,311,181.2497100830078,194.13638305664062,170.27769470214844,120.0339126586914
247.0,150.0,281.0,148.0,314.0,226.0,267.0,238.0,308.0,291.0,278.0,310.0,154.1090545654297,212.2606201171875,164.2464599609375,141.62693786621094
249.0,152.0,282.0,148.0,316.0,222.0,270.0,245.0,328.0,289.0,259.0,302.0,137.22805786132812,223.51461791992188,160.49510192871094,174.45494079589844
249,157,283,153,315,224,269,251,337,288,,,143.30618286132812,221.46885681152344,154.26431274414062,179.71585083007812
248,163,281,161,306,237,263,259,319,302,,,180.14749145507812,202.16419982910156,130.81674194335938,177.83287048339844
247,163,280,161,304,238,263,256,314,303,,,207.38865661621094,175.8462371826172,120.65528106689453,174.3648681640625
248.0,153.0,281.0,154.0,301.0,237.0,269.0,243.0,289.0,299.0,260.0,297.0,219.27818298339844,150.86807250976562,146.86643981933594,169.2670135498047
248,148,280,153,302,237,273,222,,,285,299,224.6499481201172,136.1292724609375,177.12754821777344,162.558349609375
246,151,280,154,304,239,268,233,,,303,300,220.04354858398438,144.2195587158203,178.8985595703125,149.19931030273438
247,155,281,155,307,239,268,240,,,296,307,200.39456176757812,174.4535675048828,174.53211975097656,127.92530822753906
247.0,154.0,281.0,152.0,311.0,232.0,267.0,240.0,297.0,290.0,287.0,310.0,172.5575714111328,199.9615936279297,168.3461151123047,122.04339599609375
248.0,150.0,282.0,147.0,315.0,224.0,268.0,243.0,309.0,290.0,263.0,305.0,146.99746704101562,217.00169372558594,162.66610717773438,153.7710723876953
247,156,280,152,312,225,265,252,328,292,,,135.18563842773438,224.87623596191406,160.04124450683594,179.51385498046875
246,160,280,156,310,228,264,258,331,291,,,153.55410766601562,216.73223876953125,147.39564514160156,179.3003387451172
246,162,280,159,303,236,260,260,315,302,,,192.70083618164062,193.2382049560547,124.11165618896484,176.78988647460938
246,159,279,157,301,237,263,253,305,302,,,212.63485717773438,165.79437255859375,127.04951477050781,172.6345672607422
249,149,281,153,297,238,270,234,,,264,298,222.1218719482422,143.48533630371094,160.64785766601562,166.86744689941406
249,148,281,153,300,237,275,227,,,293,303,224.85745239257812,135.28207397460938,179.9683074951172,158.90817260742188
248,153,281,155,301,240,270,234,,,299,305,212.9559326171875,156.1874542236328,177.3235321044922,139.7689666748047
249,157,282,157,302,243,267,244,,,289,312,188.41078186035156,188.09861755371094,171.8690643310547,121.45108032226562
251.0,148.0,285.0,148.0,309.0,232.0,270.0,238.0,288.0,287.0,271.0,308.0,161.8867645263672,207.0754852294922,165.97483825683594,131.13833618164062
250.0,150.0,284.0,147.0,313.0,225.0,269.0,243.0,308.0,292.0,258.0,301.0,140.3092041015625,221.46054077148438,161.1798095703125,167.38832092285156
248,158,281,154,312,226,264,254,333,291,,,137.86062622070312,223.8216094970703,158.0039825439453,179.90859985351562
248,164,281,160,309,232,263,258,331,296,,,170.35704040527344,208.00515747070312,136.65902709960938,178.4547882080078
247,167,280,164,305,240,258,262,318,305,,,203.21701049804688,182.67343139648438,120.1834487915039,175.38839721679688
250.0,151.0,283.0,154.0,297.0,238.0,271.0,240.0,283.0,299.0,258.0,302.0,217.33554077148438,155.52972412109375,139.48805236816406,170.46487426757812
253,148,284,153,298,238,277,225,,,296,303,224.0726318359375,137.90518188476562,172.85189819335938,164.07479858398438
253,151,285,155,302,240,277,232,,,307,302,221.6764373779297,141.27748107910156,179.2614288330078,151.85235595703125
254,155,287,156,307,241,275,239,,,299,309,202.5267791748047,171.62173461914062,175.00595092773438,129.5697021484375
254,150,286,149,312,232,273,237,,,287,308,175.9652862548828,197.68978881835938,169.10337829589844,120.61892700195312
254.0,149.0,286.0,146.0,316.0,225.0,273.0,240.0,309.0,290.0,268.0,303.0,150.82168579101562,214.45217895507812,163.51593017578125,146.9450225830078
252,155,285,150,317,223,270,249,335,288,,,136.11973571777344,224.2534942626953,160.2488250732422,177.15113830566406
252,159,285,155,313,228,269,254,333,292,,,147.24725341796875,219.69415283203125,151.59716796875,179.56405639648438
251,162,284,158,307,235,265,257,319,301,,,185.2018585205078,198.8227996826172,127.97897338867188,177.4561004638672
250.0,152.0,283.0,152.0,302.0,235.0,270.0,245.0,293.0,298.0,252.0,295.0,210.18356323242188,170.6587371826172,123.16800689697266,173.51007080078125
251,148,283,152,298,236,274,228,,,281,302,220.97418212890625,146.55514526367188,154.60487365722656,167.96661376953125
250,151,283,153,304,238,272,231,,,305,301,224.97792053222656,135.0736541748047,179.80577087402344,160.65884399414062
250,156,283,154,308,240,268,241,,,295,308,215.72972106933594,151.65032958984375,177.93994140625,143.15484619140625
250,152,283,151,312,234,269,239,,,285,311,192.88414001464844,183.4815673828125,172.86314392089844,123.3025894165039
250.0,149.0,283.0,145.0,316.0,223.0,270.0,241.0,309.0,288.0,264.0,303.0,163.50311279296875,205.99790954589844,166.33401489257812,129.3466796875
250.0,153.0,282.0,149.0,314.0,223.0,269.0,248.0,327.0,291.0,251.0,298.0,142.12208557128906,220.25193786621094,161.58267211914062,163.4781951904297
250,159,283,156,310,230,268,257,327,295,,,135.571044921875,224.76971435546875,159.5988311767578,179.98260498046875
250,156,283,154,306,234,269,248,302,300,,,162.33358764648438,212.34066772460938,141.69374084472656,178.8872833251953
249.0,153.0,282.0,154.0,298.0,239.0,268.0,245.0,280.0,298.0,252.0,297.0,198.059814453125,188.4954071044922,121.75921630859375,176.18528747558594
249,150,281,153,301,239,272,234,,,266,300,214.71812438964844,161.4076385498047,131.69598388671875,171.7695770263672
250,153,281,157,303,243,273,234,,,303,304,223.30831909179688,140.1558837890625,167.7269287109375,165.3937225341797
249,160,282,161,303,247,268,242,,,293,313,224.2069549560547,136.54563903808594,179.8237762451172,156.89614868164062
250,154,283,154,309,238,268,241,,,285,313,208.8992462158203,162.49691772460938,176.4220428466797,135.3596954345703
250.0,149.0,283.0,147.0,316.0,221.0,271.0,241.0,323.0,290.0,265.0,305.0,182.52479553222656,193.1938934326172,170.56105041503906,120.13689422607422
251.0,152.0,283.0,149.0,316.0,221.0,271.0,245.0,334.0,288.0,259.0,304.0,155.96878051757812,211.0207977294922,164.6597137451172,138.84674072265625
251,159,283,156,312,229,269,253,330,295,,,138.00128173828125,222.99913024902344,160.66693115234375,172.62686157226562
250,162,283,160,306,237,267,255,314,304,,,141.3151092529297,222.34304809570312,155.62403869628906,179.7886962890625
252.0,152.0,284.0,154.0,299.0,239.0,272.0,241.0,282.0,299.0,257.0,298.0,176.94053649902344,204.15736389160156,132.6867218017578,178.0502471923828
252,148,283,153,303,237,275,226,,,287,303,206.90863037109375,176.7010498046875,120.41658782958984,174.4989013671875
252,150,284,154,306,238,275,228,,,305,301,219.79513549804688,149.57925415039062,149.0875701904297,168.9015655517578
252,156,285,156,308,241,270,240,,,297,308,224.81195068359375,135.61410522460938,178.41709899902344,161.89222717285156
251,157,284,156,309,240,268,241,,,290,312,219.10325622558594,145.8800048828125,178.68960571289062,147.78094482421875
250.0,149.0,283.0,147.0,315.0,226.0,267.0,242.0,297.0,287.0,265.0,306.0,197.11288452148438,178.58485412597656,173.80287170410156,125.6791000366211
249.0,155.0,281.0,152.0,313.0,226.0,268.0,248.0,319.0,295.0,253.0,303.0,170.440185546875,201.37318420410156,167.87559509277344,123.3119888305664
248,164,281,160,309,234,265,258,326,299,,,145.6265869140625,217.9156036376953,162.36146545410156,156.38531494140625
248,166,281,162,306,237,264,260,322,302,,,135.01856994628906,224.9876251220703,160.0041046142578,179.9507598876953
248,158,281,156,306,234,265,251,305,301,,,154.85340881347656,216.1028289794922,146.5405731201172,179.24270629882812
249,151,281,154,298,239,270,231,,,272,304,194.08168029785156,192.09451293945312,123.46263885498047,176.6475067138672
246,153,279,155,305,237,269,233,,,297,306,213.61062622070312,163.7699737548828,129.06436157226562,172.24526977539062
245.0,162.0,277.0,159.0,311.0,235.0,265.0,246.0,306.0,301.0,294.0,313.0,222.65354919433594,142.0150146484375,163.70440673828125,166.26380920410156
244.0,161.0,276.0,158.0,312.0,233.0,265.0,246.0,307.0,299.0,292.0,313.0,224.7682342529297,135.457275390625,179.94850158691406,158.54861450195312
244.0,150.0,277.0,148.0,315.0,218.0,266.0,237.0,319.0,288.0,273.0,308.0,212.5143280029297,156.8930206298828,177.2253875732422,139.25926208496094
241,154,274,150,309,219,263,246,327,287,,,187.4530792236328,189.00672912597656,171.65623474121094,121.1474380493164
240,159,273,155,308,221,264,251,333,286,,,159.47633361816406,208.6824188232422,165.4391632080078,134.0643768310547
241,164,274,161,306,231,265,255,328,295,,,139.52430725097656,221.98377990722656,161.00538635253906,169.13552856445312
242,164,275,163,304,236,265,254,315,303,,,138.8942108154297,223.38461303710938,157.28892517089844,179.87364196777344
243.0,153.0,276.0,155.0,301.0,237.0,269.0,235.0,289.0,299.0,265.0,297.0,170.78103637695312,207.7660369873047,136.3984832763672,178.43020629882812
241,151,274,155,304,235,269,223,,,291,299,204.14755249023438,181.35165405273438,120.0474853515625,175.19827270507812
241,157,275,157,314,230,267,229,,,308,298,217.53358459472656,155.0669403076172,140.17410278320312,170.3533935546875
245.0,163.0,279.0,159.0,321.0,231.0,272.0,244.0,311.0,291.0,306.0,308.0,224.34693908691406,137.0713348388672,174.83047485351562,163.4507598876953
246.0,161.0,279.0,158.0,322.0,226.0,272.0,241.0,314.0,291.0,302.0,310.0,221.34396362304688,141.88287353515625,179.1875457763672,151.28860473632812
244.0,154.0,277.0,150.0,320.0,214.0,274.0,238.0,329.0,285.0,281.0,307.0,201.24685668945312,173.3352813720703,174.72152709960938,128.565185546875
240.0,159.0,274.0,155.0,312.0,220.0,271.0,249.0,334.0,286.0,264.0,303.0,174.0095977783203,198.9936065673828,168.66879272460938,121.34064483642578
238,164,272,161,305,229,264,253,327,294,,,148.4473114013672,216.0351104736328,162.98829650878906,151.1025390625
238,166,272,164,301,236,263,252,317,302,,,135.49154663085938,224.67230224609375,160.10922241210938,178.7281951904297
238.0,157.0,273.0,158.0,302.0,236.0,266.0,238.0,291.0,300.0,264.0,297.0,150.58566284179688,218.14527893066406,149.36280822753906,179.4276885986328
239,154,273,158,305,237,267,222,,,282,296,189.91099548339844,195.4249725341797,125.49071502685547,177.056396484375
238,155,273,157,311,230,268,223,,,305,293,212.0087432861328,167.0662841796875,125.90090942382812,172.87127685546875
238,159,273,158,315,229,266,230,,,308,296,221.79994201660156,144.36007690429688,158.87986755371094,167.20001220703125
239.0,166.0,273.0,161.0,318.0,223.0,270.0,243.0,322.0,293.0,298.0,313.0,224.94036865234375,135.11843872070312,179.98675537109375,159.3328399658203
239.0,158.0,273.0,154.0,318.0,213.0,269.0,239.0,336.0,284.0,281.0,311.0,213.10745239257812,155.94432067871094,177.35720825195312,139.9456024169922
239.0,162.0,272.0,158.0,314.0,220.0,266.0,248.0,338.0,286.0,264.0,308.0,188.6357421875,187.8810577392578,171.91905212402344,121.52725219726562
239.0,165.0,272.0,162.0,310.0,229.0,265.0,251.0,332.0,294.0,258.0,305.0,160.6064910888672,207.9290008544922,165.69033813476562,132.65513610839844
238.0,163.0,272.0,161.0,307.0,233.0,264.0,246.0,316.0,301.0,260.0,302.0,139.68601989746094,221.8759765625,161.0413360595703,168.77273559570312
239.0,157.0,273.0,159.0,304.0,237.0,266.0,237.0,292.0,299.0,265.0,298.0,138.24761962890625,223.65858459472656,157.73594665527344,179.89561462402344
238.0,157.0,272.0,159.0,309.0,234.0,268.0,227.0,299.0,297.0,278.0,298.0,169.81570434570312,208.3089141845703,136.9925994873047,178.4858856201172
236,161,270,161,312,233,264,234,,,300,302,203.2511444091797,182.62713623046875,120.17723083496094,175.38180541992188
236,167,271,164,312,236,258,248,,,299,308,216.83883666992188,156.67892456054688,137.8293914794922,170.735595703125
236.0,164.0,270.0,161.0,313.0,228.0,261.0,240.0,301.0,287.0,292.0,313.0,223.95669555664062,138.25299072265625,172.0402069091797,164.3070526123047
235.0,158.0,270.0,155.0,313.0,218.0,263.0,240.0,319.0,289.0,274.0,311.0,223.04080200195312,138.7559814453125,179.56460571289062,154.34678649902344
233.0,165.0,267.0,161.0,307.0,225.0,258.0,250.0,331.0,290.0,258.0,311.0,205.89695739746094,166.91725158691406,175.75486755371094,132.46612548828125
233,170,267,167,304,231,256,258,331,292,,,178.626220703125,195.91586303710938,169.69471740722656,120.07356262207031
233.0,170.0,267.0,168.0,301.0,237.0,257.0,255.0,319.0,303.0,253.0,308.0,151.95968627929688,213.69351196289062,163.76881408691406,145.04620361328125
234.0,160.0,269.0,161.0,304.0,235.0,261.0,240.0,299.0,301.0,264.0,302.0,136.0242919921875,224.31712341308594,160.2276153564453,177.38812255859375
235,157,270,161,301,239,262,227,,,280,301,146.8341064453125,219.88294982910156,151.87527465820312,179.5804443359375
235,159,270,161,304,237,263,235,,,298,302,183.4818878173828,199.9906768798828,128.92774963378906,177.589599609375
237.0,165.0,271.0,162.0,310.0,233.0,264.0,243.0,304.0,295.0,297.0,311.0,208.80679321289062,173.25985717773438,121.6861343383789,173.9479217529297
237.0,165.0,271.0,161.0,312.0,230.0,269.0,240.0,307.0,294.0,296.0,312.0,220.4242401123047,147.9809112548828,151.95022583007812,168.4224090576172
238.0,159.0,272.0,155.0,314.0,218.0,265.0,246.0,331.0,287.0,271.0,310.0,224.9435272216797,135.18714904785156,179.50987243652344,161.0485076904297
237,165,271,160,310,223,263,252,336,287,,,217.56854248046875,148.54043579101562,178.3485565185547,145.59664916992188
237,168,271,164,308,229,261,255,332,293,,,196.1811065673828,179.7060546875,173.59580993652344,125.10478973388672
237,170,271,167,305,235,260,257,326,299,,,168.55764770507812,202.62820434570312,167.45726013183594,124.6729736328125
237.0,162.0,271.0,161.0,307.0,233.0,263.0,245.0,311.0,302.0,263.0,303.0,144.88229370117188,218.4117889404297,162.19606018066406,157.8419952392578
238,156,272,160,305,238,267,223,,,288,299,135.04119873046875,224.9835662841797,159.970947265625,179.99876403808594
238,160,272,162,305,240,264,224,,,303,297,159.6020965576172,213.74298095703125,143.4480438232422,179.02194213867188
239,162,273,164,307,240,264,232,,,305,298,197.3333282470703,189.1932373046875,122.04810333251953,176.276611328125
239,163,273,164,307,241,263,236,,,303,301,214.9390106201172,160.92794799804688,132.2662811279297,171.66993713378906
239,166,273,165,307,242,262,244,,,296,311,223.1096649169922,140.7259979248047,166.4740447998047,165.67608642578125
238.0,154.0,273.0,152.0,312.0,224.0,267.0,238.0,297.0,283.0,281.0,308.0,223.603515625,137.6966552734375,179.6896514892578,155.50177001953125
238.0,156.0,273.0,152.0,314.0,219.0,266.0,244.0,310.0,287.0,269.0,306.0,208.4008331298828,163.2454833984375,176.31129455566406,134.85836791992188
239,163,273,159,311,224,265,252,332,289,,,181.54776000976562,193.92153930664062,170.34393310546875,120.0518569946289
239,167,273,163,309,228,262,259,333,291,,,154.64401245117188,211.90399169921875,164.36534118652344,140.8101348876953
238,170,272,166,305,233,261,260,327,296,,,137.40184020996094,223.3987579345703,160.5337371826172,174.04055786132812
237,169,272,166,302,237,259,258,318,302,,,141.7032012939453,222.17385864257812,155.35833740234375,179.77471923828125
237,162,272,159,304,233,261,251,306,301,,,178.66165161132812,203.0985870361328,131.67718505859375,177.93545532226562
238.0,155.0,272.0,157.0,301.0,237.0,264.0,239.0,288.0,298.0,261.0,297.0,207.69544982910156,175.2945098876953,120.83673095703125,174.27737426757812
239,152,273,156,303,236,269,223,,,280,296,219.72720336914062,149.7498779296875,148.78904724121094,168.95095825195312
240,151,274,156,304,236,268,217,,,299,293,224.8271026611328,135.56536865234375,178.54054260253906,161.81622314453125
239,156,274,157,306,237,267,232,,,303,297,219.05296325683594,145.9681854248047,178.6784210205078,147.70692443847656
239,160,274,158,308,235,262,241,,,291,310,197.38156127929688,178.25721740722656,173.86256408691406,125.8499526977539
239.0,158.0,273.0,155.0,310.0,229.0,263.0,238.0,299.0,289.0,289.0,310.0,169.35914611816406,202.09388732910156,167.63536071777344,124.06732940673828
240,152,274,149,312,217,262,241,322,286,,,145.91702270507812,217.7219696044922,162.42601013183594,155.82400512695312
240,159,274,155,311,221,264,252,332,286,,,135.00852966308594,224.9942626953125,160.0019073486328,179.97726440429688
241,163,275,159,309,225,262,254,333,287,,,157.2696075439453,214.91404724121094,144.9605255126953,179.13241577148438
239,165,274,162,303,234,258,248,319,298,,,194.33021545410156,191.88369750976562,123.34854888916016,176.6210174560547
239,160,273,158,304,233,261,250,311,299,,,213.63571166992188,163.7172393798828,129.1198272705078,172.2349090576172
241.0,151.0,275.0,154.0,303.0,233.0,268.0,228.0,294.0,296.0,270.0,293.0,222.7621307373047,141.71060180664062,164.35076904296875,166.13058471679688
241,152,274,156,305,234,269,218,,,293,296,224.6803741455078,135.62913513183594,179.92897033691406,158.2399139404297
241,158,275,159,309,235,269,236,,,306,298,212.1933135986328,157.40304565429688,177.154052734375,138.89349365234375
240,164,274,161,311,233,266,242,,,298,309,186.6820068359375,189.71629333496094,171.48489379882812,120.92765045166016
241.0,155.0,275.0,153.0,315.0,221.0,269.0,237.0,311.0,288.0,288.0,307.0,159.50650024414062,208.66232299804688,165.44589233398438,134.02589416503906
241.0,155.0,275.0,151.0,313.0,218.0,266.0,240.0,329.0,286.0,269.0,306.0,139.87619018554688,221.7491912841797,161.08360290527344,168.34800720214844
241.0,157.0,275.0,154.0,312.0,221.0,266.0,242.0,331.0,287.0,263.0,305.0,138.0556640625,223.73953247070312,157.8688507080078,179.90206909179688
243.0,161.0,277.0,159.0,310.0,229.0,268.0,248.0,328.0,294.0,258.0,302.0,170.34603881835938,208.0113525390625,136.6658172607422,178.45542907714844
244.0,163.0,278.0,162.0,307.0,234.0,268.0,250.0,321.0,299.0,256.0,301.0,203.8153839111328,181.83905029296875,120.0875015258789,175.26881408691406
244.0,153.0,278.0,155.0,309.0,231.0,271.0,233.0,306.0,298.0,267.0,294.0,217.17642211914062,155.89968872070312,138.94705200195312,170.55296325683594
245,149,278,154,308,232,274,211,,,302,289,224.0327606201172,138.0250244140625,172.5713348388672,164.1563720703125
243,153,276,156,309,233,274,221,,,313,286,222.88185119628906,139.05300903320312,179.529296875,154.0372314453125
242,158,276,159,311,233,271,232,,,308,296,204.9850311279297,168.21739196777344,175.55223083496094,131.6461944580078
241.0,163.0,275.0,160.0,312.0,232.0,266.0,245.0,305.0,293.0,297.0,309.0,178.7868194580078,195.8087615966797,169.73040771484375,120.05745697021484
242.0,151.0,276.0,149.0,316.0,214.0,269.0,234.0,330.0,283.0,281.0,306.0,153.21115112304688,212.85922241210938,164.0469207763672,143.02865600585938
244.0,155.0,277.0,153.0,314.0,219.0,269.0,240.0,339.0,281.0,265.0,303.0,136.23297119140625,224.1780242919922,160.27398681640625,176.87106323242188
244.0,160.0,277.0,159.0,310.0,227.0,269.0,247.0,333.0,289.0,257.0,302.0,145.99630737304688,220.26376342773438,152.44029235839844,179.61331176757812
244.0,163.0,278.0,162.0,307.0,234.0,270.0,247.0,324.0,298.0,258.0,302.0,184.3587188720703,199.39959716796875,128.4417266845703,177.5222625732422
244.0,154.0,277.0,155.0,308.0,231.0,271.0,231.0,305.0,298.0,267.0,296.0,210.00782775878906,170.9958038330078,122.95173645019531,173.5679168701172
243,151,277,155,307,234,272,222,,,298,297,220.90211486816406,146.74356079101562,154.2485809326172,168.028564453125
243,155,277,156,309,235,270,228,,,306,297,224.98397827148438,135.05357360839844,179.85848999023438,160.5620880126953
244,159,278,158,310,236,265,242,,,302,303,216.26365661621094,150.75584411621094,178.05857849121094,143.84619140625
243,159,277,158,311,234,267,240,,,297,307,193.63784790039062,182.64537048339844,173.0306396484375,123.68258666992188
243.0,151.0,277.0,148.0,317.0,217.0,271.0,234.0,313.0,284.0,276.0,304.0,165.182861328125,204.87808227539062,166.70730590820312,127.63424682617188
242.0,156.0,276.0,152.0,314.0,218.0,269.0,243.0,335.0,283.0,259.0,299.0,142.58853149414062,219.9409637451172,161.68634033203125,162.49935913085938
243,159,276,156,312,221,268,249,338,282,,,135.88014221191406,224.64366149902344,159.38246154785156,179.9729461669922
243,163,277,161,305,233,266,251,321,297,,,164.675537109375,211.11012268066406,140.205078125,178.76702880859375
241.0,160.0,276.0,158.0,305.0,232.0,267.0,247.0,312.0,299.0,255.0,298.0,199.59962463378906,186.9388885498047,121.18931579589844,175.9784393310547
241.0,152.0,275.0,153.0,303.0,233.0,268.0,234.0,292.0,295.0,263.0,297.0,215.4484100341797,159.8106231689453,133.64071655273438,171.4335174560547
240,149,274,152,307,230,267,223,,,289,298,223.44837951660156,139.75051879882812,168.62847900390625,165.18275451660156
241,157,275,155,312,230,267,232,,,301,299,223.5916748046875,137.71905517578125,179.68704223632812,155.476318359375
241.0,159.0,275.0,156.0,315.0,226.0,264.0,241.0,303.0,286.0,293.0,309.0,208.05599975585938,163.760009765625,176.23464965820312,134.5164337158203
242.0,154.0,275.0,151.0,318.0,219.0,268.0,235.0,309.0,283.0,291.0,306.0,182.8358917236328,192.95481872558594,170.6302032470703,120.1722640991211
243.0,152.0,277.0,148.0,318.0,211.0,271.0,239.0,332.0,281.0,269.0,302.0,155.4250030517578,211.38330078125,164.53887939453125,139.64234924316406
243.0,158.0,276.0,154.0,314.0,218.0,269.0,246.0,338.0,281.0,260.0,301.0,137.8897705078125,223.073486328125,160.6421661376953,172.88809204101562
243,162,277,159,309,228,269,250,330,290,,,140.21954345703125,222.81741333007812,156.37583923339844,179.82766723632812
243.0,161.0,277.0,159.0,306.0,232.0,268.0,247.0,318.0,297.0,259.0,300.0,173.40098571777344,206.26312255859375,134.80215454101562,178.27406311035156
243.0,152.0,276.0,153.0,305.0,232.0,270.0,233.0,294.0,294.0,270.0,296.0,204.72879028320312,180.44801330566406,120.00526428222656,175.06614685058594
242,151,276,154,305,234,272,225,,,283,298,218.1991729736328,153.4912567138672,142.58724975585938,169.96238708496094
241,155,276,155,308,233,269,240,,,300,302,224.4768829345703,136.6703338623047,175.79954528808594,163.10377502441406
242.0,157.0,276.0,154.0,312.0,228.0,268.0,239.0,306.0,289.0,297.0,306.0,221.456298828125,141.67868041992188,179.21249389648438,151.4775390625
243.0,152.0,277.0,149.0,314.0,221.0,270.0,236.0,312.0,286.0,292.0,304.0,203.2161865234375,170.68190002441406,175.1591339111328,130.13246154785156
244.0,147.0,278.0,142.0,315.0,213.0,270.0,233.0,321.0,282.0,272.0,298.0,176.40467834472656,197.39683532714844,169.2010498046875,120.4934310913086
245.0,150.0,278.0,145.0,313.0,216.0,268.0,241.0,328.0,282.0,259.0,295.0,151.09829711914062,214.26776123046875,163.577392578125,146.47787475585938
246,152,279,148,312,218,269,246,334,280,,,135.77613830566406,224.48257446289062,160.17247009277344,178.00848388671875
249,156,282,152,312,224,269,250,332,286,,,148.9878692626953,218.89183044433594,150.42933654785156,179.49386596679688
252.0,149.0,284.0,150.0,307.0,227.0,275.0,237.0,310.0,291.0,262.0,292.0,185.6478729248047,198.51414489746094,127.736083984375,177.42050170898438
254,142,286,146,303,228,280,222,,,280,292,210.1533203125,170.71681213378906,123.13024139404297,173.5200653076172
257,142,289,145,309,227,283,223,,,305,294,221.2425537109375,145.84912109375,155.9549102783203,167.7294464111328
261,143,293,144,317,225,286,227,,,313,293,224.99171447753906,135.02769470214844,179.9266357421875,160.40443420410156
271,145,301,144,327,224,293,228,,,314,295,215.19708251953125,152.5358123779297,177.82156372070312,142.47860717773438
273,142,304,140,329,221,291,227,,,305,296,192.50892639160156,183.89173889160156,172.77975463867188,123.12059783935547
276.0,135.0,306.0,133.0,333.0,212.0,291.0,226.0,319.0,273.0,277.0,283.0,165.51695251464844,204.65533447265625,166.78155517578125,127.3121566772461
276,139,307,136,333,211,289,233,342,277,,,143.2517547607422,219.49880981445312,161.83372497558594,161.1262664794922
274,150,306,147,328,221,283,244,344,284,,,135.41603088378906,224.83262634277344,159.70751953125,179.98739624023438
271,157,303,155,321,231,278,250,329,294,,,160.4403839111328,213.3162384033203,142.90768432617188,178.9812469482422
272,146,303,147,312,229,281,238,296,287,,,198.5164337158203,188.04554748535156,121.58383178710938,176.12594604492188
273,140,303,144,312,226,287,230,,,274,288,215.04222106933594,160.70285034179688,132.5380096435547,171.62278747558594
273,139,303,142,318,225,293,220,,,309,295,223.39434814453125,139.90721130371094,168.2789306640625,165.26539611816406
274,144,305,144,327,226,291,231,,,315,294,223.72691345214844,137.462646484375,179.7170867919922,155.77053833007812
274,145,305,142,329,224,288,230,,,305,297,207.22055053710938,164.99481201171875,176.04901123046875,133.7047119140625
274.0,137.0,306.0,133.0,334.0,212.0,288.0,226.0,321.0,273.0,284.0,289.0,181.63217163085938,193.86007690429688,170.36268615722656,120.05765533447266
273,139,305,136,333,209,288,231,344,276,,,154.37115478515625,212.08587646484375,164.30470275878906,141.22499084472656
273,147,305,144,332,214,288,241,353,277,,,136.89630126953125,223.7357635498047,160.42140197753906,175.251953125
271,156,303,154,320,231,283,250,330,295,,,143.34036254882812,221.45370483398438,154.24102783203125,179.71458435058594
270,149,301,149,318,229,285,239,313,293,,,180.47853088378906,201.95330810546875,130.6265411376953,177.8095703125
269,142,300,145,316,228,288,227,,,288,294,208.4844512939453,173.8558349609375,121.408447265625,174.04556274414062
267,144,298,146,316,229,286,229,,,308,298,220.01828002929688,149.01617431640625,150.0823974609375,168.73626708984375
268,147,299,148,321,230,287,230,,,313,297,224.8297119140625,135.5570068359375,178.56178283691406,161.80282592773438
269,148,301,147,325,228,286,232,,,306,300,218.36953735351562,147.15945434570312,178.5265655517578,146.7181854248047
269.0,142.0,301.0,141.0,328.0,220.0,286.0,230.0,312.0,279.0,294.0,299.0,197.16476440429688,178.52174377441406,173.8143768310547,125.71189880371094
268,142,300,139,329,214,285,233,330,281,,,169.29090881347656,202.13938903808594,167.62020874023438,124.11739349365234
267,144,299,141,328,215,283,238,338,282,,,146.0048065185547,217.66346740722656,162.4455108642578,155.65516662597656
267,150,299,146,324,219,281,245,341,283,,,135.05686950683594,224.9620361328125,160.0126495361328,179.84974670410156
265,154,298,152,320,225,278,249,336,289,,,153.3600311279297,216.82568359375,147.52366638183594,179.308837890625
263,156,295,154,314,231,275,250,321,295,,,190.8539581298828,194.70260620117188,125.01539611816406,176.96917724609375
262,148,294,149,310,230,276,239,304,291,,,211.6810760498047,167.7237548828125,125.34355163574219,172.9913787841797
257,143,289,148,305,231,276,227,,,287,300,221.9527587890625,143.9462890625,159.71157836914062,167.04489135742188
256,148,288,150,309,233,278,229,,,303,300,224.91064453125,135.17721557617188,179.98013305664062,159.1636199951172
259,151,291,151,314,235,278,238,,,301,303,213.12557983398438,155.91522216796875,177.36122131347656,139.966796875
261,145,293,146,317,230,278,233,,,290,302,188.57498168945312,187.94000244140625,171.90554809570312,121.50650024414062
261.0,144.0,293.0,141.0,325.0,218.0,277.0,237.0,315.0,283.0,270.0,298.0,161.4630889892578,207.35792541503906,165.8806915283203,131.63084411621094
260,151,293,148,324,218,276,247,342,286,,,141.05697631835938,220.9619903564453,161.3459930419922,165.7546844482422
260,160,293,157,321,228,274,257,343,293,,,136.55181884765625,224.36740112304688,158.91357421875,179.95155334472656
258,169,292,168,314,246,271,265,320,316,,,167.6837158203125,209.48841857910156,138.31536865234375,178.6055145263672
259.0,160.0,293.0,163.0,310.0,251.0,277.0,253.0,290.0,311.0,264.0,310.0,202.6177520751953,183.46176147460938,120.30534362792969,175.50013732910156
259,156,292,163,315,250,284,231,,,308,314,217.11941528320312,156.03176879882812,138.75552368164062,170.58416748046875
255,164,289,167,320,251,276,245,,,315,319,224.16046142578125,137.63986206054688,173.4763641357422,163.8876953125
254.0,171.0,289.0,170.0,327.0,248.0,277.0,259.0,318.0,315.0,309.0,331.0,221.87953186035156,140.906005859375,179.30654907226562,152.20387268066406
257.0,169.0,291.0,166.0,333.0,240.0,289.0,259.0,329.0,312.0,302.0,334.0,203.615966796875,170.13156127929688,175.2480010986328,130.46578979492188
259.0,167.0,293.0,163.0,335.0,234.0,286.0,263.0,350.0,307.0,274.0,327.0,176.04534912109375,197.6364288330078,169.1211700439453,120.59505462646484
259,172,294,168,331,239,283,272,355,307,,,150.8854217529297,214.40966796875,163.53009033203125,146.83705139160156
260,176,294,174,325,252,280,275,340,321,,,136.0956573486328,224.26956176757812,160.2434844970703,177.21087646484375
260,173,294,172,326,251,282,268,330,322,,,146.0780792236328,220.22671508789062,152.38510131835938,179.61013793945312
261.0,165.0,294.0,168.0,323.0,253.0,287.0,251.0,308.0,319.0,288.0,320.0,183.21226501464844,200.17071533203125,129.0781707763672,177.6099853515625
261,166,294,169,325,254,296,244,,,324,319,208.9607391357422,172.97344970703125,121.82791137695312,173.900634765625
260,171,294,171,330,253,281,256,,,319,326,220.09625244140625,148.81842041015625,150.43531799316406,168.6773223876953
259,171,293,169,333,247,290,256,,,311,331,224.90866088867188,135.3011932373047,179.2152862548828,161.3284912109375
259.0,166.0,293.0,164.0,336.0,239.0,286.0,257.0,323.0,306.0,301.0,330.0,218.0750732421875,147.6689910888672,178.4611358642578,146.3014373779297
259.0,167.0,293.0,162.0,336.0,232.0,285.0,261.0,341.0,305.0,280.0,325.0,195.39134216308594,180.63795471191406,173.4202880859375,124.64024353027344
261,169,294,164,334,232,284,263,360,299,,,166.8028564453125,203.79808044433594,167.06729125976562,126.13121795654297
261,170,294,168,326,245,282,264,338,314,,,143.45623779296875,219.3625030517578,161.879150390625,160.7073211669922
258.0,166.0,292.0,165.0,324.0,247.0,281.0,258.0,314.0,314.0,274.0,317.0,135.2989044189453,224.87998962402344,159.78973388671875,179.990966796875
258,163,291,166,320,251,289,249,,,287,315,160.0872039794922,213.4964141845703,143.1351318359375,178.99847412109375
257,160,290,162,330,239,288,237,,,308,314,197.68460083007812,188.85850524902344,121.90696716308594,176.23289489746094
258,162,291,159,336,232,288,243,,,322,312,214.7952117919922,161.24053955078125,131.89328002929688,171.7349853515625
261.0,162.0,294.0,157.0,340.0,227.0,289.0,248.0,329.0,291.0,316.0,317.0,223.29605102539062,140.1912841796875,167.64866638183594,165.41171264648438
264.0,155.0,296.0,150.0,343.0,216.0,293.0,240.0,341.0,285.0,302.0,311.0,224.03977966308594,136.8662109375,179.78662109375,156.4868621826172
264.0,155.0,296.0,149.0,341.0,214.0,291.0,243.0,355.0,283.0,289.0,306.0,209.27410888671875,161.93003845214844,176.50537109375,135.74241638183594
264,155,296,150,339,213,293,246,362,280,,,184.52093505859375,191.59918212890625,171.00465393066406,120.43183898925781
264,156,296,151,337,215,292,249,365,277,,,158.08135986328125,209.6124267578125,165.1291961669922,135.8931121826172
265,160,296,157,329,231,290,250,343,296,,,138.57058715820312,222.61959838867188,160.79345703125,171.30552673339844
265.0,156.0,296.0,155.0,327.0,233.0,292.0,244.0,320.0,297.0,281.0,300.0,140.30926513671875,222.7787322998047,156.31417846679688,179.82449340820312
266,153,297,156,325,237,295,232,,,295,299,174.121337890625,205.8418731689453,134.3676300048828,178.22976684570312
268,154,298,157,327,238,300,229,,,318,302,205.15713500976562,179.7342529296875,120.00279235839844,174.96054077148438
268,156,299,158,330,238,297,234,,,321,307,218.57052612304688,152.59835815429688,144.00732421875,169.73236083984375
268,155,299,155,334,233,297,237,,,309,308,224.48472595214844,136.64593505859375,175.85894775390625,163.08132934570312
267,158,298,154,338,224,293,247,336,291,,,220.80039978027344,142.865478515625,179.06675720214844,150.39474487304688
266,160,297,155,336,221,292,251,358,286,,,200.733642578125,174.01089477539062,174.60745239257812,128.17710876464844
267,162,298,157,335,221,294,255,361,283,,,173.25271606445312,199.4981689453125,168.5006103515625,121.68960571289062
267,164,298,159,333,226,292,256,357,288,,,148.6484375,215.90103149414062,163.03298950195312,150.74014282226562
266,165,298,162,329,234,291,257,342,300,,,135.4464874267578,224.7023162841797,160.09922790527344,178.84295654296875
267,159,298,157,332,232,293,247,328,299,,,149.58697509765625,218.61306762695312,150.02880859375,179.46925354003906
268,155,298,158,328,237,298,231,,,298,298,188.8638458251953,196.2091827392578,126.02831268310547,177.15017700195312
267,153,297,157,331,235,301,221,,,312,297,211.67857360839844,167.72874450683594,125.33943939208984,172.99227905273438
268,152,298,156,332,234,304,220,,,325,294,222.0231170654297,143.75491333007812,160.0989990234375,166.9718475341797
268,152,299,156,332,234,301,220,,,334,292,224.90316772460938,135.19198608398438,179.97848510742188,159.124755859375
268,155,299,156,333,235,303,238,,,319,307,213.03561401367188,156.05967712402344,177.3412322998047,139.8617401123047
267.0,159.0,298.0,156.0,336.0,232.0,294.0,245.0,316.0,288.0,293.0,308.0,188.43409729003906,188.07614135742188,171.87425231933594,121.45889282226562
265,162,296,156,338,224,294,255,338,291,,,160.49424743652344,208.00381469726562,165.66539001464844,132.79217529296875
265,163,296,157,336,220,292,253,357,286,,,140.5023193359375,221.331787109375,161.2227325439453,166.96356201171875
265,164,296,158,334,222,291,255,359,285,,,136.78562927246094,224.27056884765625,158.75070190429688,179.94400024414062
265,165,296,161,328,233,289,258,341,299,,,167.0112762451172,209.85513305664062,138.73548889160156,178.64231872558594
266,160,297,158,327,236,289,249,312,298,,,201.90011596679688,184.3548126220703,120.47929382324219,175.6251678466797
266,155,296,158,328,238,297,228,,,302,298,216.75010681152344,156.88253784179688,137.54226684570312,170.78268432617188
266,155,297,158,330,237,304,223,,,328,297,224.06736755371094,137.9210205078125,172.81475830078125,164.08567810058594
266,157,297,158,330,237,296,230,,,323,304,222.5004119873047,139.7621612548828,179.44451904296875,153.31768798828125
265,155,297,155,332,232,293,236,,,306,308,204.3433380126953,169.12022399902344,175.40963745117188,131.0854034423828
264.0,157.0,296.0,154.0,335.0,227.0,291.0,243.0,322.0,289.0,288.0,307.0,177.96435546875,196.35708618164062,169.54763793945312,120.16051483154297
263,160,295,156,333,223,290,250,350,289,,,151.356201171875,214.09584045410156,163.63470458984375,146.04556274414062
264,161,295,157,331,223,289,252,356,285,,,136.2191925048828,224.1871795654297,160.2709197998047,176.905029296875
264,162,296,160,325,232,288,251,340,298,,,145.6499786376953,220.42042541503906,152.67430114746094,179.6267852783203
264,158,296,157,328,232,290,244,324,299,,,184.0108184814453,199.63519287109375,128.63400268554688,177.54916381835938
265,155,296,157,324,237,295,234,,,297,301,209.87596130371094,171.24778747558594,122.79472351074219,173.61094665527344
266,155,296,157,330,234,300,225,,,317,301,220.76475524902344,147.10128784179688,153.57669067382812,168.14468383789062
266,157,297,158,334,233,292,235,,,328,301,224.96697998046875,135.10995483398438,179.71084594726562,160.80441284179688
266,159,297,157,336,231,288,238,,,321,307,217.23348999023438,149.11326599121094,178.27410888671875,145.13853454589844
267.0,153.0,298.0,151.0,341.0,218.0,296.0,235.0,339.0,285.0,309.0,306.0,194.98829650878906,181.10696411132812,173.3307342529297,124.41109466552734
267,157,298,153,341,213,297,245,366,276,,,168.2360076904297,202.84263610839844,167.38577270507812,124.9267578125
266,163,296,158,337,218,294,252,368,276,,,144.17001342773438,218.8866424560547,162.0377655029297,159.2608184814453
266,165,296,162,332,227,290,254,357,287,,,135.01641845703125,224.9934539794922,159.9884033203125,179.99951171875
265,161,296,158,330,229,292,245,338,296,,,159.15528869628906,213.96914672851562,143.73675537109375,179.04342651367188
267.0,154.0,297.0,155.0,331.0,229.0,294.0,234.0,322.0,293.0,288.0,297.0,197.6772003173828,188.86558532714844,121.90992736816406,176.2338409423828
267.0,152.0,297.0,154.0,338.0,225.0,301.0,224.0,330.0,289.0,311.0,296.0,214.84268188476562,161.13751220703125,132.01568603515625,171.71359252929688
269,156,299,155,343,222,303,228,,,335,295,223.2089080810547,140.44189453125,167.0962371826172,165.53733825683594
270.0,160.0,300.0,157.0,347.0,220.0,304.0,236.0,342.0,286.0,331.0,304.0,224.2529296875,136.45721435546875,179.833984375,157.012939453125
270.0,158.0,300.0,155.0,348.0,217.0,302.0,233.0,346.0,284.0,326.0,305.0,210.3380584716797,160.30323791503906,176.74179077148438,136.8552703857422
270.0,157.0,300.0,153.0,347.0,212.0,302.0,237.0,361.0,280.0,305.0,306.0,184.37428283691406,191.7211456298828,170.97206115722656,120.40472412109375
269,161,299,157,343,214,298,244,371,276,,,156.7927703857422,210.47146606445312,164.84283447265625,137.66860961914062
272,164,301,160,344,217,301,250,378,273,,,138.115966796875,222.92269897460938,160.6924285888672,172.3590545654297
279,169,308,167,347,228,308,254,377,287,,,140.73489379882812,222.59487915039062,156.02186584472656,179.80943298339844
283,167,312,166,349,232,312,248,363,300,,,174.26206970214844,205.75917053222656,134.28297424316406,178.22105407714844
284.0,157.0,313.0,159.0,350.0,233.0,309.0,231.0,340.0,299.0,310.0,300.0,205.21669006347656,179.63331604003906,120.00529479980469,174.9455108642578
283.0,155.0,313.0,159.0,351.0,232.0,318.0,226.0,338.0,297.0,323.0,299.0,218.41455078125,152.974609375,143.404296875,169.83006286621094
283,161,312,164,351,238,317,231,,,353,299,224.4130401611328,136.86781311035156,175.32077026367188,163.2794647216797
283,167,314,168,353,241,317,242,,,348,309,221.40281677246094,141.77589416503906,179.2006378173828,151.387451171875
283.0,165.0,314.0,164.0,355.0,235.0,312.0,248.0,343.0,297.0,337.0,316.0,201.3599853515625,173.1855010986328,174.7466583251953,128.65185546875
282.0,154.0,314.0,152.0,355.0,221.0,309.0,241.0,356.0,293.0,308.0,314.0,175.11007690429688,198.25994873046875,168.91334533691406,120.90210723876953
278.0,155.0,310.0,156.0,344.0,227.0,301.0,247.0,358.0,299.0,287.0,313.0,150.1956787109375,214.86952209472656,163.37681579589844,148.0155029296875
274.0,164.0,308.0,165.0,337.0,239.0,295.0,257.0,356.0,308.0,279.0,320.0,135.57711791992188,224.61524963378906,160.12823486328125,178.51077270507812
274.0,174.0,308.0,176.0,336.0,252.0,292.0,268.0,352.0,321.0,279.0,330.0,149.8273162841797,218.50082397460938,149.86834716796875,179.45932006835938
275.0,177.0,308.0,179.0,335.0,257.0,296.0,270.0,344.0,329.0,284.0,332.0,186.69764709472656,197.77760314941406,127.16995239257812,177.33497619628906
276.0,165.0,309.0,170.0,336.0,254.0,302.0,254.0,324.0,323.0,297.0,324.0,210.441162109375,170.16184997558594,123.49962615966797,173.4241943359375
272,162,306,167,329,254,301,245,,,317,326,221.2755584716797,145.76182556152344,156.12344360351562,167.69955444335938
268,162,304,163,333,249,289,249,,,317,326,224.98606872558594,135.0465545654297,179.87692260742188,160.524169921875
267,164,303,163,332,248,282,255,,,313,327,215.53123474121094,151.98109436035156,177.89581298828125,142.90130615234375
269.0,165.0,303.0,163.0,331.0,247.0,282.0,260.0,317.0,311.0,302.0,329.0,191.28028869628906,185.20608520507812,172.50672912597656,122.5583724975586
270.0,155.0,304.0,153.0,335.0,232.0,286.0,252.0,336.0,305.0,279.0,319.0,162.91590881347656,206.38934326171875,166.2035369873047,129.98146057128906
271.0,158.0,305.0,156.0,334.0,234.0,287.0,258.0,346.0,305.0,269.0,314.0,141.482177734375,220.67852783203125,161.44049072265625,164.8388671875
271.0,164.0,305.0,162.0,335.0,239.0,289.0,264.0,352.0,309.0,272.0,319.0,136.68443298339844,224.3125457763672,158.82115173339844,179.947265625
271.0,172.0,304.0,173.0,331.0,251.0,287.0,271.0,345.0,321.0,270.0,327.0,167.65736389160156,209.50283813476562,138.33180236816406,178.60696411132812
268.0,172.0,302.0,173.0,329.0,253.0,286.0,268.0,334.0,324.0,274.0,324.0,202.12954711914062,184.07472229003906,120.42069244384766,175.58612060546875
269.0,161.0,301.0,167.0,323.0,254.0,290.0,250.0,304.0,317.0,283.0,318.0,216.4287109375,157.61549377441406,136.52549743652344,170.9501190185547
269,161,302,165,329,251,298,245,,,323,320,223.75242614746094,138.85997009277344,170.6414794921875,164.68321228027344
271,165,304,165,335,249,287,252,,,322,323,223.2635040283203,138.3382110595703,179.61410522460938,154.79180908203125
271,168,304,166,335,249,293,264,,,314,328,207.44847106933594,164.65956115722656,176.09967041015625,133.92385864257812
270.0,164.0,303.0,163.0,336.0,245.0,290.0,253.0,321.0,306.0,309.0,328.0,180.0937042236328,194.9373321533203,170.0208282470703,120.00019836425781
269.0,161.0,303.0,157.0,337.0,235.0,289.0,258.0,341.0,306.0,276.0,319.0,153.93551635742188,212.3762969970703,164.20790100097656,141.89480590820312
270,163,304,160,336,236,291,265,352,305,,,136.7731170654297,223.81790161132812,160.39401245117188,175.54994201660156
271,169,305,167,332,245,287,270,348,313,,,144.64273071289062,220.87350463867188,153.35623168945312,179.66549682617188
269.0,171.0,303.0,170.0,328.0,250.0,285.0,269.0,337.0,318.0,268.0,320.0,182.00880432128906,200.96478271484375,129.75473022460938,177.69943237304688
270.0,160.0,303.0,164.0,324.0,251.0,290.0,252.0,308.0,315.0,279.0,316.0,208.12310791015625,174.5182647705078,121.127685546875,174.1529541015625
271,158,303,162,327,249,296,245,,,305,321,219.81800842285156,149.52175903320312,149.1884765625,168.88485717773438
269,161,303,162,333,246,293,249,,,321,321,224.81756591796875,135.5960693359375,178.4627227783203,161.86448669433594
269,165,303,164,334,247,290,253,,,317,325,218.48553466796875,146.9580841064453,178.55233764648438,146.88388061523438
269.0,165.0,302.0,163.0,334.0,245.0,284.0,258.0,320.0,306.0,312.0,326.0,195.85533142089844,180.09254455566406,173.52340698242188,124.91069030761719
269.0,159.0,302.0,157.0,337.0,236.0,288.0,251.0,327.0,304.0,299.0,325.0,169.0081024169922,202.32791137695312,167.55735778808594,124.32787322998047
270,159,303,156,338,231,290,259,351,301,,,145.5161590576172,217.9892120361328,162.33692932128906,156.5997314453125
271,162,304,158,338,232,291,261,356,300,,,135.0003662109375,224.99984741210938,159.99974060058594,179.99996948242188
272,164,305,162,335,237,290,265,354,304,,,157.1371307373047,214.9798583984375,145.04681396484375,179.13856506347656
270,170,303,169,327,249,283,269,338,317,,,194.5066680908203,191.7330322265625,123.26807403564453,176.60205078125
268.0,163.0,301.0,164.0,326.0,248.0,285.0,258.0,316.0,315.0,270.0,314.0,213.88780212402344,163.18528747558594,129.6879425048828,172.12979125976562
268.0,159.0,300.0,163.0,322.0,250.0,287.0,253.0,302.0,313.0,274.0,313.0,222.75477600097656,141.7312469482422,164.30673217773438,166.13973999023438
269,157,301,161,327,248,292,245,,,310,321,224.67897033691406,135.6318359375,179.9286651611328,158.23529052734375
269,163,301,164,329,251,288,252,,,316,322,211.5876007080078,158.35873413085938,177.01947021484375,138.21405029296875
269,167,301,166,329,252,289,258,,,311,326,186.5749053955078,189.81332397460938,171.46109008789062,120.89888763427734
269,161,302,161,332,244,287,251,,,307,324,158.79638671875,209.13572692871094,165.2880859375,134.9435272216797
272.0,155.0,305.0,154.0,338.0,233.0,289.0,252.0,331.0,303.0,281.0,318.0,138.75257873535156,222.4982452392578,160.8339080810547,170.88729858398438
276,159,308,157,337,234,292,259,352,303,,,139.4456329345703,223.14955139160156,156.90855407714844,179.85467529296875
275,163,308,162,334,240,294,262,348,307,,,172.2258758544922,206.9427032470703,135.51513671875,178.3450469970703
272,169,305,169,327,249,282,269,336,316,,,205.37661743164062,179.36143493652344,120.01599884033203,174.9049530029297
270,163,303,164,326,246,287,261,323,316,,,218.5438232421875,152.66282653808594,143.9034881591797,169.7491912841797
271.0,156.0,303.0,162.0,320.0,249.0,290.0,247.0,302.0,313.0,283.0,314.0,224.53822326660156,136.4794921875,176.26515197753906,162.92349243164062
271,156,303,161,321,250,291,240,,,309,320,220.96629333496094,142.56649780273438,179.10360717773438,150.66416931152344
271,163,304,165,325,253,291,249,,,319,319,201.90492248535156,172.4593505859375,174.86776733398438,129.07513427734375
271,165,303,165,327,252,286,257,,,308,325,173.73533630371094,199.17642211914062,168.60784912109375,121.46269226074219
272.0,154.0,305.0,154.0,334.0,238.0,288.0,249.0,313.0,300.0,288.0,320.0,148.1190948486328,216.25390625,162.9153594970703,151.6979522705078
274.0,154.0,307.0,153.0,337.0,232.0,290.0,253.0,340.0,304.0,275.0,313.0,135.19644165039062,224.8690185546875,160.04364013671875,179.48580932617188
275,159,308,158,337,235,293,260,353,304,,,151.60203552246094,217.6653289794922,148.68714904785156,179.38475036621094
275,168,307,168,331,246,288,267,345,314,,,190.799560546875,194.7447052001953,125.04259490966797,176.97427368164062
273,171,306,171,328,250,289,268,338,319,,,211.53221130371094,168.02056884765625,125.10017395019531,173.04510498046875
273.0,158.0,304.0,162.0,326.0,248.0,292.0,247.0,312.0,314.0,287.0,317.0,221.53427124023438,145.07371520996094,157.4647979736328,167.45907592773438
272,156,304,160,329,246,290,243,,,307,322,224.9971160888672,135.00967407226562,179.9743194580078,160.2391357421875
272,161,304,162,334,247,294,252,,,320,320,214.9269561767578,152.98226928710938,177.76153564453125,142.14060974121094
273,165,306,165,336,247,290,254,,,314,325,191.32330322265625,185.16079711914062,172.51629638671875,122.57718658447266
276.0,158.0,308.0,158.0,341.0,238.0,293.0,250.0,326.0,304.0,305.0,324.0,164.18739318847656,205.5417022705078,166.486083984375,128.6304473876953
277,157,309,156,341,233,295,254,345,305,,,141.52349853515625,220.65097045898438,161.44967651367188,164.75035095214844
277,162,310,161,338,238,295,262,353,307,,,136.18051147460938,224.52047729492188,159.1725616455078,179.9634246826172
274,170,307,170,329,250,287,270,338,319,,,166.0925750732422,210.3521728515625,139.31163024902344,178.69195556640625
272,168,306,169,327,250,286,265,332,319,,,201.7244415283203,184.56605529785156,120.52591705322266,175.65452575683594
273.0,158.0,306.0,162.0,323.0,249.0,292.0,251.0,306.0,315.0,280.0,312.0,216.2612762451172,157.99468994140625,136.00991821289062,171.0355224609375
275,154,306,160,328,247,298,237,,,314,317,223.9269561767578,138.34188842773438,171.83395385742188,164.3643035888672
274,157,307,160,332,246,298,244,,,326,315,222.56138610839844,139.64913940429688,179.45806884765625,153.4307098388672
275,163,307,163,333,249,291,253,,,315,323,205.37767028808594,167.6600341796875,175.63946533203125,131.99591064453125
276.0,157.0,308.0,158.0,336.0,241.0,293.0,249.0,317.0,303.0,304.0,323.0,178.8311004638672,195.77923583984375,169.74024963378906,120.05335998535156
279,153,311,152,341,230,294,254,339,303,,,151.8112030029297,213.7925262451172,163.73580932617188,145.29051208496094
281,156,313,155,341,232,298,260,348,304,,,136.27145385742188,224.15232849121094,160.2825469970703,176.776123046875
276,170,308,169,331,247,282,269,343,316,,,146.70680236816406,219.9409637451172,151.96102905273438,179.58544921875
270,170,304,170,324,251,279,267,327,321,,,183.26400756835938,200.13623046875,129.04928588867188,177.60609436035156
267.0,159.0,301.0,163.0,316.0,251.0,277.0,259.0,298.0,314.0,261.0,315.0,209.34864807128906,172.24696350097656,122.21163177490234,173.77972412109375
268,156,301,162,319,250,284,246,,,282,318,220.79925537109375,147.01165771484375,153.7445068359375,168.11575317382812
270,155,303,161,323,249,291,239,,,316,316,224.9794464111328,135.06863403320312,179.81893920898438,160.6360321044922
273,158,306,162,327,250,293,247,,,321,315,216.74195861816406,149.94863891601562,178.1648712158203,144.4774627685547
272,163,305,164,326,252,290,257,,,306,324,193.851806640625,182.40505981445312,173.0781707763672,123.7939453125
272,156,305,158,328,245,284,248,,,292,323,167.04151916503906,203.63897705078125,167.1203155517578,125.92239379882812
272,154,306,153,332,237,282,251,316,303,,,144.15042114257812,218.8997039794922,162.03341674804688,159.3002166748047
274,157,307,156,332,236,281,256,336,307,,,135.0202178955078,224.99192810058594,159.98574829101562,179.99940490722656
277,161,310,161,334,239,283,263,345,307,,,158.8241424560547,214.13619995117188,143.95103454589844,179.05923461914062
276,166,309,166,327,247,280,266,333,315,,,198.6425323486328,187.9196319580078,121.53630828857422,176.1092529296875
272,158,306,160,317,246,280,258,306,311,,,215.21630859375,160.3217010498047,133.00408935546875,171.5424041748047
272,152,304,159,312,245,288,239,,,288,314,223.30511474609375,140.1651153564453,167.7064971923828,165.39842224121094
271,153,302,160,313,247,294,241,,,311,314,223.67056274414062,137.569580078125,179.70455932617188,155.64698791503906
269,159,302,163,316,252,287,245,,,316,316,207.13230895996094,165.124267578125,176.02938842773438,133.62033081054688
269,164,302,165,320,254,284,253,,,302,324,180.38314819335938,194.74166870117188,170.0851287841797,120.00322723388672
271.0,154.0,304.0,154.0,329.0,239.0,284.0,248.0,308.0,301.0,285.0,320.0,154.7465362548828,211.83563232421875,164.38812255859375,140.6551513671875
271.0,158.0,304.0,156.0,331.0,236.0,284.0,253.0,334.0,307.0,272.0,315.0,137.2602081298828,223.49317932128906,160.5022735595703,174.37811279296875
271,163,304,162,330,238,283,262,344,306,,,143.1204833984375,221.551025390625,154.39076232910156,179.72276306152344
270,166,303,165,325,242,277,266,338,311,,,180.4728240966797,201.9569549560547,130.62982177734375,177.8099822998047
267,164,300,166,319,247,278,260,319,316,,,207.67669677734375,175.32835388183594,120.82499694824219,174.28274536132812
269,156,300,163,313,251,288,242,,,289,316,219.98501586914062,149.10035705566406,149.93270874023438,168.76121520996094
269,157,300,164,314,252,290,240,,,311,317,224.88380432128906,135.38214111328125,179.0074920654297,161.4952850341797
269,160,301,164,318,253,287,246,,,316,316,218.65567016601562,146.66212463378906,178.5901336669922,147.12844848632812
269,162,301,165,318,254,286,250,,,309,321,196.17337036132812,179.7152862548828,173.5940704345703,125.10013580322266
269,159,301,162,319,250,283,249,,,299,323,167.75958251953125,203.16024780273438,167.2799072265625,125.31390380859375
269,157,302,157,328,242,281,253,306,303,,,143.74081420898438,219.1727752685547,161.94239807128906,160.1276397705078
270,160,303,158,331,235,281,257,339,306,,,135.13206481933594,224.94717407226562,159.90696716308594,179.9960479736328
269,163,302,162,329,237,281,266,345,305,,,159.66506958007812,213.71102905273438,143.4073944091797,179.0189208984375
267,166,300,167,319,247,276,267,325,316,,,197.99273681640625,188.56077575683594,121.785400390625,176.19386291503906
265,160,298,162,318,246,279,255,308,314,,,215.0085906982422,160.77626037597656,132.44911193847656,171.63818359375
267,155,299,162,315,250,290,234,,,299,315,223.4917449951172,139.6243438720703,168.91091918945312,165.1151885986328
268,158,300,164,317,251,292,241,,,320,313,223.6998291015625,137.5140380859375,179.71107482910156,155.71096801757812
269,161,301,164,321,252,286,254,,,313,319,207.37234497070312,164.77169799804688,176.08273315429688,133.85044860839844
270,161,302,163,324,249,287,254,,,303,324,182.07162475585938,193.53578186035156,170.4603729248047,120.09251403808594
271.0,155.0,303.0,155.0,331.0,238.0,279.0,250.0,314.0,303.0,282.0,319.0,156.0619354248047,210.9586944580078,164.68043518066406,138.7119140625
269.0,160.0,302.0,159.0,330.0,238.0,282.0,256.0,332.0,309.0,269.0,318.0,137.6908416748047,223.20608520507812,160.59796142578125,173.35601806640625
267.0,162.0,300.0,162.0,328.0,240.0,281.0,260.0,334.0,311.0,266.0,319.0,141.63978576660156,222.20155334472656,155.4017333984375,179.77700805664062
266.0,163.0,299.0,163.0,327.0,241.0,281.0,258.0,332.0,312.0,266.0,320.0,177.4106903076172,203.8705596923828,132.40963745117188,178.01930236816406
263.0,167.0,296.0,168.0,318.0,248.0,277.0,265.0,318.0,320.0,252.0,314.0,206.81590270996094,176.86497497558594,120.37678527832031,174.52439880371094
261,160,294,166,307,254,277,252,,,258,311,219.49209594726562,150.33737182617188,147.7716064453125,169.11862182617188
257,159,290,166,311,252,281,236,,,297,316,224.78298950195312,135.70684814453125,178.182861328125,162.0288848876953
253,162,287,165,318,245,277,241,,,314,313,219.61041259765625,144.98741149902344,178.80230712890625,148.5374755859375
245.0,182.0,279.0,178.0,325.0,238.0,280.0,262.0,340.0,309.0,320.0,321.0,199.45787048339844,175.66127014160156,174.323974609375,127.24887084960938
237.0,178.0,272.0,174.0,319.0,222.0,274.0,249.0,346.0,291.0,308.0,317.0,171.05751037597656,200.96163940429688,168.0127716064453,122.91293334960938
236.0,178.0,271.0,173.0,318.0,219.0,273.0,247.0,344.0,288.0,292.0,317.0,147.4004669189453,216.73301696777344,162.7556610107422,153.01942443847656
232.0,186.0,267.0,181.0,313.0,224.0,274.0,253.0,345.0,286.0,281.0,315.0,135.11550903320312,224.9229736328125,160.02565002441406,179.69630432128906
228.0,188.0,264.0,185.0,310.0,229.0,269.0,251.0,342.0,290.0,280.0,316.0,153.2538299560547,216.87677001953125,147.59376525878906,179.3134765625
226.0,190.0,263.0,189.0,310.0,239.0,271.0,243.0,334.0,308.0,285.0,314.0,192.17962646484375,193.65858459472656,124.36283111572266,176.84169006347656
223,182,263,183,312,234,,,313,303,294,296,212.70025634765625,165.6602783203125,127.17594146728516,172.60926818847656
223,177,263,179,310,228,,,,,300,279,222.56524658203125,142.26153564453125,163.18441772460938,166.3694610595703
222,177,261,179,308,220,,,,,305,271,224.7987060546875,135.39752197265625,179.9552764892578,158.66473388671875
227,187,265,186,313,222,,,,,314,283,212.14256286621094,157.4834442138672,177.14279174804688,138.83602905273438
230,198,266,191,313,223,,,321,294,315,316,186.6483612060547,189.746826171875,171.47740173339844,120.91857147216797
229.0,194.0,264.0,188.0,315.0,217.0,268.0,247.0,336.0,289.0,295.0,317.0,158.4041748046875,209.397216796875,165.200927734375,135.46124267578125
232.0,197.0,268.0,193.0,316.0,231.0,267.0,253.0,349.0,291.0,289.0,319.0,139.38082885742188,222.07943725585938,160.9735107421875,169.45864868164062
232.0,198.0,269.0,196.0,315.0,238.0,272.0,254.0,351.0,292.0,287.0,320.0,138.80673217773438,223.42181396484375,157.349365234375,179.8766326904297
233.0,199.0,271.0,199.0,316.0,245.0,275.0,253.0,349.0,300.0,287.0,322.0,171.5732879638672,207.3162078857422,135.9132080078125,178.3837890625
233.0,197.0,270.0,197.0,314.0,245.0,267.0,252.0,339.0,310.0,288.0,318.0,203.6275634765625,182.10662841796875,120.11450958251953,175.30731201171875
226,189,264,188,312,235,,,322,306,291,305,217.30226135253906,155.6072540283203,139.37413024902344,170.48341369628906
226,186,265,187,315,231,,,320,300,305,292,224.20111083984375,137.51658630371094,173.76808166503906,163.79747009277344
229,194,266,191,317,225,,,,,316,298,222.46705627441406,139.8238983154297,179.4371337890625,153.25619506835938
230,197,266,191,317,221,,,328,292,317,305,204.43856811523438,168.98690795898438,175.4307861328125,131.1677703857422
230.0,198.0,266.0,193.0,317.0,224.0,267.0,249.0,344.0,293.0,306.0,317.0,178.6323699951172,195.91172790527344,169.69607543945312,120.07290649414062
231.0,197.0,268.0,194.0,317.0,231.0,269.0,251.0,347.0,295.0,295.0,319.0,152.12522888183594,213.58316040039062,163.80560302734375,144.77508544921875
231.0,196.0,267.0,193.0,315.0,228.0,266.0,247.0,347.0,290.0,293.0,316.0,136.5817413330078,223.9454803466797,160.35150146484375,176.01528930664062
231.0,197.0,267.0,194.0,312.0,231.0,269.0,253.0,350.0,279.0,288.0,319.0,145.44100952148438,220.5147705078125,152.81561279296875,179.63487243652344
233.0,198.0,271.0,198.0,314.0,247.0,267.0,257.0,342.0,308.0,284.0,322.0,182.59518432617188,200.5797882080078,129.42404174804688,177.65618896484375
233.0,188.0,270.0,188.0,312.0,240.0,277.0,245.0,332.0,308.0,284.0,311.0,209.15963745117188,172.60183715820312,122.0198974609375,173.8389892578125
232.0,161.0,269.0,164.0,311.0,233.0,267.0,220.0,306.0,301.0,290.0,296.0,220.2667236328125,148.38430786132812,151.21644592285156,168.54629516601562
234,159,271,161,307,238,262,230,,,302,300,224.90933227539062,135.29905700683594,179.22080993652344,161.3237762451172
236,161,272,159,311,235,264,241,,,304,304,217.26458740234375,149.0602264404297,178.281005859375,145.18080139160156
238.0,167.0,272.0,160.0,314.0,233.0,266.0,249.0,307.0,292.0,300.0,312.0,195.37673950195312,180.65505981445312,173.4170379638672,124.63184356689453
238.0,159.0,271.0,154.0,313.0,223.0,269.0,242.0,327.0,291.0,292.0,311.0,168.5626678466797,202.6248779296875,167.4583740234375,124.6690673828125
238.0,155.0,272.0,152.0,311.0,220.0,267.0,245.0,334.0,285.0,265.0,308.0,144.6062469482422,218.59580993652344,162.13470458984375,158.38894653320312
240.0,161.0,273.0,158.0,311.0,225.0,267.0,248.0,339.0,285.0,257.0,307.0,135.0507354736328,224.97976684570312,159.9642333984375,179.99847412109375
240.0,162.0,273.0,159.0,309.0,227.0,268.0,249.0,335.0,289.0,258.0,307.0,159.28216552734375,213.90501403808594,143.6547393798828,179.037353515625
238.0,162.0,270.0,161.0,305.0,233.0,267.0,248.0,319.0,298.0,258.0,307.0,195.7353973388672,190.65988159179688,122.7208480834961,176.46588134765625
236,153,268,155,300,234,271,232,,,272,301,214.00396728515625,162.93899536132812,129.9561767578125,172.0806884765625
234,153,267,155,299,235,264,226,,,292,300,222.76171875,141.71173095703125,164.34832763671875,166.13108825683594
234,154,267,154,303,231,266,234,,,304,294,224.42930603027344,136.1168975830078,179.8731689453125,157.48252868652344
234.0,156.0,267.0,152.0,308.0,224.0,261.0,230.0,307.0,287.0,298.0,301.0,211.24676513671875,158.89280700683594,176.94371032714844,137.83773803710938
231.0,156.0,264.0,152.0,306.0,220.0,262.0,235.0,316.0,287.0,289.0,306.0,185.32412719726562,190.91790771484375,171.18313598632812,120.59510803222656
231.0,154.0,263.0,148.0,305.0,215.0,263.0,242.0,324.0,281.0,262.0,304.0,157.8144073486328,209.79039001464844,165.06985473632812,136.25416564941406
232,158,264,153,304,218,262,247,329,280,,,138.31324768066406,222.79116821289062,160.73626708984375,171.9003448486328
233,160,265,155,303,221,264,248,329,282,,,140.86293029785156,222.53944396972656,155.93402099609375,179.8048858642578
235,162,267,159,300,230,264,250,318,293,,,176.6021270751953,204.3627471923828,132.8867645263672,178.07235717773438
233.0,156.0,266.0,153.0,300.0,227.0,265.0,241.0,305.0,293.0,258.0,297.0,206.28009033203125,177.80487060546875,120.18636322021484,174.6693878173828
234,150,267,151,297,230,269,229,,,272,294,218.59954833984375,152.52810668945312,144.1206512451172,169.71397399902344
235,149,267,151,300,230,269,222,,,294,294,224.45904541015625,136.72557067871094,175.66534423828125,163.1539306640625
236,154,269,153,306,230,267,230,,,308,294,220.88604736328125,142.7112274169922,179.0857696533203,150.53347778320312
236.0,159.0,268.0,155.0,309.0,226.0,268.0,238.0,308.0,292.0,297.0,306.0,201.8209228515625,172.57177734375,174.8490753173828,129.00926208496094
236.0,155.0,268.0,150.0,311.0,218.0,269.0,237.0,317.0,286.0,281.0,307.0,175.2350616455078,198.17660522460938,168.94113159179688,120.85753631591797
237.0,158.0,268.0,152.0,310.0,216.0,268.0,246.0,334.0,280.0,261.0,303.0,150.5243682861328,214.65040588378906,163.44984436035156,147.45115661621094
236.0,159.0,268.0,154.0,309.0,217.0,269.0,249.0,338.0,277.0,258.0,303.0,135.7716827392578,224.48553466796875,160.17147827148438,178.0196990966797
236.0,162.0,268.0,159.0,304.0,228.0,264.0,250.0,323.0,292.0,258.0,306.0,148.89654541015625,218.93421936035156,150.49044799804688,179.4976043701172
233.0,156.0,266.0,154.0,301.0,229.0,266.0,243.0,297.0,294.0,259.0,299.0,185.57412719726562,198.5653533935547,127.7761459350586,177.42640686035156
233,150,265,152,295,232,267,223,,,275,295,210.32374572753906,170.38873291015625,123.3463363647461,173.46348571777344
232,150,264,152,297,233,264,222,,,298,292,220.84915161132812,146.8816375732422,153.98849487304688,168.0736083984375
233,155,266,155,302,233,267,233,,,300,299,224.96461486816406,135.11770629882812,179.6905975341797,160.8321990966797
236.0,157.0,269.0,155.0,310.0,227.0,269.0,237.0,302.0,289.0,290.0,307.0,216.11895751953125,150.99891662597656,178.0264434814453,143.65748596191406
243,162,274,156,316,222,275,249,331,290,,,192.40652465820312,184.00294494628906,172.7570037841797,123.07176208496094
245,164,276,158,317,220,273,257,343,284,,,165.5601348876953,204.62655639648438,166.7911376953125,127.27101135253906
247,165,278,159,319,219,279,253,349,279,,,142.75856018066406,219.82760620117188,161.72412109375,162.14524841308594
246,168,277,163,314,229,276,259,338,293,,,135.30081176757812,224.87921142578125,159.78839111328125,179.99090576171875
244,165,276,162,312,233,274,251,320,301,,,161.450439453125,212.79783630371094,142.25888061523438,178.9314727783203
244.0,157.0,276.0,158.0,310.0,235.0,276.0,241.0,298.0,298.0,272.0,300.0,197.77407836914062,188.7724609375,121.87145233154297,176.22164916992188
245,153,277,156,311,234,282,227,,,291,298,214.6539306640625,161.54652404785156,131.5330810546875,171.79823303222656
246,152,278,155,312,234,289,222,,,314,293,222.99618530273438,141.0492706298828,165.77133178710938,165.82962036132812
246,154,279,155,312,235,279,226,,,314,298,224.32254028320312,136.32315063476562,179.8494415283203,157.19378662109375
245,156,277,156,313,235,278,238,,,297,308,210.54617309570312,159.98191833496094,176.78802490234375,137.07762145996094
244,157,276,155,314,231,276,240,,,282,308,184.62960815429688,191.50833129882812,171.02880859375,120.45245361328125
242,161,274,155,315,221,274,249,329,289,,,156.80264282226562,210.4648895263672,164.84503173828125,137.65469360351562
243,162,274,156,316,217,272,250,344,278,,,137.92738342285156,223.0483856201172,160.65052795410156,172.7998504638672
244,161,275,155,316,217,274,252,346,276,,,140.5384979248047,222.6798095703125,156.1566925048828,179.81639099121094
245,162,276,157,314,222,274,250,340,283,,,176.55551147460938,204.39097595214844,132.91436767578125,178.07537841796875
243,162,275,158,311,231,273,251,314,298,,,206.69932556152344,177.070556640625,120.32962799072266,174.55628967285156
244,154,275,157,307,237,279,229,,,276,295,219.1334686279297,151.22503662109375,146.26504516601562,169.36526489257812
244,151,275,155,313,231,287,214,,,298,291,224.64295959472656,136.1512451171875,177.07308959960938,162.58285522460938
244,151,276,155,314,230,282,218,,,313,291,219.9612579345703,144.36587524414062,178.88027954101562,149.07237243652344
244,156,276,157,315,232,278,235,,,308,303,198.9909210205078,176.25486755371094,174.22018432617188,126.92218017578125
243.0,159.0,275.0,156.0,316.0,228.0,276.0,243.0,301.0,289.0,278.0,309.0,171.0453643798828,200.96974182128906,168.01007080078125,122.92053985595703
242,162,273,157,315,223,272,251,321,292,,,146.46994018554688,217.35336303710938,162.54885864257812,154.76649475097656
242,163,273,158,313,220,271,255,337,285,,,135.0184783935547,224.98765563964844,160.0041046142578,179.950927734375
242,163,273,158,312,221,273,252,339,283,,,156.3681640625,215.36038208007812,145.54847717285156,179.17405700683594
242,164,273,160,308,229,271,254,326,294,,,195.14012145996094,191.18519592285156,122.9830093383789,176.53277587890625
242.0,158.0,274.0,158.0,307.0,235.0,275.0,242.0,294.0,298.0,266.0,301.0,213.5947265625,163.80335998535156,129.02926635742188,172.25181579589844
243,156,274,159,307,238,278,227,,,280,297,222.85906982421875,141.4375762939453,164.93447875976562,166.0083465576172
244,154,275,158,313,233,284,217,,,294,290,224.49798583984375,135.98388671875,179.888427734375,157.6768798828125
244,154,275,157,314,232,,,,,321,283,211.23907470703125,158.90476989746094,176.9420166015625,137.8292999267578
244,158,275,160,313,235,275,230,,,308,302,187.0153045654297,189.41195678710938,171.55894470214844,121.01994323730469
241.0,162.0,273.0,157.0,317.0,224.0,275.0,246.0,309.0,288.0,275.0,309.0,160.2177734375,208.18814086914062,165.60394287109375,133.13247680664062
242,166,272,158,317,218,273,251,335,286,,,139.95387268066406,221.6973876953125,161.10086059570312,168.17503356933594
241,168,271,160,315,218,274,257,343,280,,,138.04930114746094,223.74221801757812,157.87326049804688,179.9022674560547
242,169,272,162,313,222,272,257,340,286,,,170.85302734375,207.7252960205078,136.35427856445312,178.426025390625
242,167,273,162,311,231,273,251,313,300,,,203.6610565185547,182.05929565429688,120.10948181152344,175.30050659179688
242,161,274,162,307,240,279,238,,,277,301,217.710205078125,154.65182495117188,140.7982940673828,170.25213623046875
242,158,274,161,310,238,283,220,,,309,291,224.3843536376953,136.9562225341797,175.10743713378906,163.35501098632812
243,158,274,161,311,237,279,219,,,313,291,221.22689819335938,142.09518432617188,179.1615447998047,151.09335327148438
242,161,274,162,312,238,273,239,,,291,309,202.59373474121094,171.53094482421875,175.02084350585938,129.6237030029297
241.0,164.0,273.0,161.0,314.0,232.0,275.0,247.0,295.0,288.0,272.0,309.0,174.8089599609375,198.46066284179688,168.84642028808594,121.0138931274414
239,165,269,157,315,218,271,252,321,287,,,148.70730590820312,215.86178588867188,163.04605102539062,150.6343994140625
239,165,268,157,314,212,271,256,336,281,,,135.5542755126953,224.63047790527344,160.1231689453125,178.5686798095703
239,168,268,159,312,214,269,257,340,280,,,150.54136657714844,218.16612243652344,149.39230346679688,179.4295654296875
239,170,269,163,310,227,267,260,325,296,,,187.96470642089844,196.8686065673828,126.49757385253906,177.22830200195312
240,164,272,162,306,239,269,249,288,299,,,211.05780029296875,168.95899963378906,124.36490631103516,173.2130584716797
241,158,272,163,304,242,274,229,,,285,298,221.39393615722656,145.4478759765625,156.732666015625,167.59091186523438
241,158,272,162,306,241,272,216,,,307,291,224.99252319335938,135.0250244140625,179.9336700439453,160.38449096679688
241,159,272,164,304,243,279,223,,,308,295,216.00900268554688,151.18331909179688,178.0019989013672,143.51475524902344
240,163,271,166,307,243,274,236,,,293,308,192.11392211914062,184.319091796875,172.6919708251953,122.93418884277344
238,168,268,162,316,222,273,253,316,289,,,164.00881958007812,205.6607666015625,166.44639587402344,128.81492614746094
236,169,266,161,312,215,266,254,340,278,,,141.438720703125,220.70750427246094,161.43081665039062,164.93206787109375
236,170,266,162,310,216,264,257,341,276,,,136.4440155029297,224.4119415283203,158.98870849609375,179.95501708984375
236,170,267,166,305,232,263,258,325,295,,,165.24945068359375,210.80438232421875,139.84251403808594,178.73684692382812
235,165,266,162,306,229,265,249,312,296,,,201.32785034179688,185.0333251953125,120.63639068603516,175.7191619873047
235,154,266,158,296,237,267,228,,,265,292,215.9125213623047,158.77890014648438,134.96644592285156,171.20957946777344
230,148,260,155,295,231,269,198,,,294,275,223.65042114257812,139.16038513183594,169.95733642578125,164.85792541503906
222,147,253,150,293,217,264,201,,,296,268,223.4720916748047,137.94515991210938,179.66046142578125,155.22247314453125
